token; docs; qty docs; freq;
em; [0, 1, 2, 3, 4, 5, 6, 8, 9, 10, 11, 12, 13, 14, 15, 16, 17, 18, 19, 20, 21, 22, 23, 24, 25, 26, 28, 29, 32, 33, 34, 35, 36, 37, 38, 39, 40, 41, 42, 43, 44, 45, 46, 47, 48, 49, 50, 52, 53, 54, 55, 57, 58, 59, 60, 61, 62, 63, 64, 65, 66, 67, 68, 69, 70, 71, 72, 73, 74, 75, 77, 78, 79, 80, 81, 82, 83, 84, 86, 87, 88, 90, 91, 92, 93, 94, 95, 96, 97, 98, 99, 100, 101, 103, 105, 106, 107, 108, 109, 110, 112, 113, 114, 115, 116, 117, 118, 119, 120, 121, 122, 123, 124, 125, 126, 127, 128, 129, 131, 132, 133, 134, 137, 138, 140, 143, 144, 145, 146, 147, 148, 149, 150, 151, 153, 155, 156, 157, 158, 159, 160, 161, 162, 163, 164, 165, 166, 167, 168, 169, 170, 171, 172, 173, 175, 176, 177, 178, 179, 180, 181, 182, 183, 184, 185, 186, 187, 190, 191, 192, 193, 194, 195, 197, 198, 199, 200, 201, 202]; 179; 1369;
até; [0, 1, 3, 6, 8, 9, 10, 11, 12, 13, 14, 15, 16, 17, 18, 19, 20, 21, 22, 23, 24, 25, 26, 28, 29, 33, 34, 36, 37, 38, 39, 40, 42, 43, 45, 46, 47, 48, 49, 50, 52, 53, 54, 55, 59, 60, 61, 62, 63, 64, 65, 66, 67, 68, 69, 70, 71, 72, 73, 74, 75, 77, 78, 79, 80, 81, 82, 83, 84, 86, 87, 88, 90, 91, 92, 93, 94, 95, 96, 97, 98, 99, 100, 101, 102, 103, 104, 105, 106, 107, 109, 110, 111, 112, 113, 114, 115, 116, 117, 118, 120, 121, 122, 123, 124, 125, 126, 127, 128, 129, 130, 131, 132, 133, 134, 135, 137, 138, 139, 140, 141, 143, 144, 145, 146, 147, 150, 151, 152, 153, 154, 155, 156, 157, 158, 159, 160, 161, 162, 163, 164, 165, 166, 167, 168, 170, 171, 172, 173, 174, 175, 176, 177, 178, 179, 180, 181, 182, 183, 184, 185, 186, 187, 188, 189, 190, 191, 192, 194, 195, 196, 197, 198, 199, 200, 201, 202]; 177; 1274;
sem; [0, 1, 2, 3, 4, 6, 8, 9, 10, 14, 15, 20, 22, 23, 27, 28, 29, 33, 34, 38, 39, 43, 45, 49, 50, 52, 54, 55, 56, 57, 60, 61, 63, 65, 66, 67, 68, 69, 71, 72, 75, 78, 79, 80, 81, 82, 83, 84, 85, 90, 91, 93, 94, 95, 96, 97, 98, 101, 106, 107, 108, 109, 110, 112, 116, 117, 118, 119, 120, 121, 123, 126, 133, 134, 138, 144, 146, 147, 149, 150, 151, 155, 157, 159, 160, 163, 166, 167, 170, 175, 177, 179, 181, 182, 184, 185, 187, 192, 194, 195, 197, 198, 201, 202]; 104; 375;
juro; [0, 1, 2, 3, 4, 6, 8, 9, 10, 14, 15, 20, 22, 23, 28, 29, 33, 34, 38, 39, 43, 45, 49, 50, 52, 54, 55, 56, 60, 61, 63, 65, 66, 67, 68, 69, 71, 72, 75, 78, 80, 81, 82, 83, 84, 90, 91, 93, 94, 95, 96, 97, 98, 101, 106, 107, 109, 110, 112, 118, 120, 121, 126, 133, 134, 138, 146, 147, 150, 151, 157, 159, 160, 167, 170, 175, 177, 179, 181, 182, 184, 185, 192, 194, 195, 197, 198, 201, 202]; 89; 329;
de; [0, 1, 2, 3, 4, 5, 6, 7, 8, 9, 10, 11, 12, 13, 14, 15, 16, 17, 18, 19, 20, 21, 22, 23, 24, 25, 26, 27, 28, 29, 30, 31, 32, 33, 34, 35, 36, 37, 38, 39, 40, 41, 42, 43, 44, 45, 46, 47, 48, 49, 50, 51, 52, 53, 54, 55, 56, 57, 58, 59, 60, 61, 62, 63, 64, 65, 66, 67, 68, 69, 70, 71, 72, 73, 74, 75, 76, 77, 78, 79, 80, 81, 82, 83, 84, 85, 86, 87, 88, 89, 90, 91, 92, 93, 94, 95, 96, 97, 98, 99, 100, 101, 102, 103, 104, 105, 106, 107, 108, 109, 110, 111, 112, 113, 114, 115, 116, 117, 118, 119, 120, 121, 122, 123, 124, 125, 126, 127, 128, 129, 130, 131, 132, 133, 134, 135, 136, 137, 138, 139, 140, 141, 142, 143, 144, 145, 146, 147, 148, 149, 150, 151, 152, 153, 154, 155, 156, 157, 158, 159, 160, 161, 162, 163, 164, 165, 166, 167, 168, 169, 170, 171, 172, 173, 174, 175, 176, 177, 178, 179, 180, 181, 182, 183, 184, 185, 186, 187, 188, 189, 190, 191, 192, 193, 194, 195, 196, 197, 198, 199, 200, 201, 202]; 203; 11741;
cabernet; [0, 1, 6, 8, 9, 10, 11, 12, 13, 14, 15, 16, 17, 18, 19, 20, 21, 22, 23, 24, 25, 26, 29, 33, 34, 36, 37, 38, 39, 40, 42, 44, 45, 46, 47, 48, 49, 50, 53, 54, 55, 59, 60, 61, 62, 63, 64, 65, 66, 67, 68, 69, 71, 72, 73, 74, 75, 77, 79, 83, 84, 85, 86, 87, 88, 90, 91, 92, 93, 95, 97, 98, 99, 100, 101, 102, 103, 104, 105, 106, 107, 109, 110, 111, 112, 113, 114, 115, 117, 118, 120, 121, 122, 123, 124, 125, 126, 128, 129, 131, 133, 134, 135, 137, 138, 139, 140, 141, 144, 145, 146, 150, 151, 153, 154, 156, 157, 158, 159, 160, 161, 162, 164, 166, 167, 168, 171, 172, 173, 174, 175, 176, 177, 178, 179, 180, 182, 183, 185, 186, 190, 191, 192, 194, 195, 196, 197, 198, 199, 200, 201, 202]; 152; 1830;
para; [0, 1, 2, 3, 4, 5, 6, 7, 8, 9, 10, 11, 12, 13, 14, 15, 16, 17, 18, 19, 20, 21, 22, 23, 24, 25, 26, 27, 28, 29, 30, 31, 32, 33, 34, 35, 36, 37, 38, 39, 40, 41, 42, 43, 44, 45, 46, 47, 48, 49, 50, 51, 52, 53, 54, 55, 56, 57, 58, 59, 60, 61, 62, 63, 64, 65, 66, 67, 68, 69, 70, 71, 72, 73, 74, 75, 76, 77, 78, 79, 80, 81, 82, 83, 84, 85, 86, 87, 88, 89, 90, 91, 92, 93, 94, 95, 96, 97, 98, 99, 100, 101, 102, 103, 104, 105, 106, 107, 108, 109, 110, 111, 112, 113, 114, 115, 116, 117, 118, 119, 120, 121, 122, 123, 124, 125, 126, 127, 128, 129, 130, 131, 132, 133, 134, 135, 136, 137, 138, 139, 140, 141, 142, 143, 144, 145, 146, 147, 148, 149, 150, 151, 152, 153, 154, 155, 156, 157, 158, 159, 160, 161, 162, 163, 164, 165, 166, 167, 168, 169, 170, 171, 172, 173, 174, 175, 176, 177, 178, 179, 180, 181, 182, 183, 184, 185, 186, 187, 188, 189, 190, 191, 192, 193, 194, 195, 196, 197, 198, 199, 200, 201, 202]; 203; 1655;
você; [0, 1, 3, 6, 8, 9, 10, 11, 12, 14, 15, 18, 19, 20, 21, 22, 23, 26, 28, 29, 30, 31, 32, 33, 34, 35, 36, 38, 39, 43, 44, 45, 46, 47, 49, 50, 51, 52, 53, 54, 55, 58, 59, 60, 61, 62, 63, 64, 65, 66, 67, 68, 69, 70, 71, 72, 74, 75, 76, 77, 78, 79, 80, 81, 82, 83, 84, 86, 87, 88, 89, 90, 91, 92, 93, 94, 95, 96, 97, 98, 101, 102, 103, 104, 105, 106, 107, 109, 110, 111, 112, 113, 115, 117, 118, 120, 121, 122, 123, 124, 125, 126, 128, 129, 130, 131, 133, 134, 135, 136, 137, 138, 139, 141, 143, 144, 145, 146, 147, 149, 150, 151, 152, 153, 154, 156, 157, 158, 159, 160, 161, 162, 163, 164, 166, 167, 168, 169, 170, 171, 172, 173, 174, 175, 177, 178, 179, 180, 181, 182, 183, 184, 187, 188, 189, 191, 192, 194, 195, 196, 197, 198, 199, 200, 201, 202]; 166; 592;
sauvignon; [0, 1, 6, 8, 9, 10, 11, 12, 13, 14, 15, 16, 17, 18, 19, 20, 21, 22, 23, 24, 25, 26, 29, 33, 34, 36, 37, 38, 39, 41, 42, 44, 45, 46, 47, 48, 49, 50, 53, 54, 55, 59, 60, 61, 62, 63, 64, 65, 66, 67, 68, 69, 71, 72, 73, 74, 75, 77, 79, 83, 84, 85, 86, 87, 88, 90, 91, 92, 93, 95, 97, 98, 99, 100, 101, 102, 103, 104, 105, 106, 107, 109, 110, 111, 112, 113, 115, 117, 118, 120, 121, 122, 123, 124, 125, 126, 128, 129, 131, 133, 134, 135, 137, 138, 139, 140, 141, 144, 145, 146, 150, 151, 153, 154, 156, 157, 158, 159, 160, 161, 162, 164, 166, 167, 168, 171, 172, 173, 174, 175, 176, 177, 178, 179, 180, 182, 183, 185, 186, 190, 191, 192, 194, 195, 196, 197, 198, 199, 200, 202]; 150; 1970;
reserva; [0, 1, 2, 7, 9, 11, 12, 15, 18, 19, 20, 22, 23, 29, 33, 36, 38, 39, 40, 41, 45, 46, 47, 48, 49, 50, 52, 55, 56, 59, 60, 61, 63, 64, 65, 66, 67, 68, 69, 70, 71, 72, 79, 83, 85, 86, 88, 90, 91, 92, 93, 95, 97, 98, 99, 101, 102, 103, 104, 106, 107, 110, 112, 113, 114, 117, 118, 120, 121, 122, 123, 124, 125, 126, 129, 131, 134, 137, 138, 139, 144, 146, 151, 157, 158, 161, 162, 166, 168, 171, 172, 175, 177, 178, 179, 181, 185, 186, 192, 194, 195, 196, 197, 198, 199, 202]; 106; 709;
tinto; [0, 1, 2, 4, 5, 6, 7, 8, 9, 10, 11, 12, 13, 14, 15, 16, 17, 18, 19, 20, 21, 22, 23, 24, 25, 26, 27, 29, 30, 31, 32, 33, 34, 35, 36, 37, 38, 39, 40, 41, 42, 44, 45, 46, 47, 48, 49, 50, 51, 53, 54, 55, 56, 57, 58, 59, 60, 61, 62, 63, 64, 65, 66, 67, 68, 69, 70, 71, 72, 73, 74, 75, 76, 77, 79, 81, 83, 84, 85, 86, 87, 88, 89, 90, 91, 92, 93, 94, 95, 97, 98, 99, 100, 101, 102, 103, 104, 105, 106, 107, 108, 109, 110, 111, 112, 113, 114, 115, 116, 117, 118, 119, 120, 121, 122, 123, 124, 125, 126, 127, 128, 129, 130, 131, 132, 133, 134, 135, 136, 137, 138, 139, 140, 141, 142, 144, 145, 146, 150, 151, 152, 153, 154, 155, 156, 157, 158, 159, 160, 161, 162, 163, 164, 165, 166, 167, 168, 169, 171, 172, 173, 174, 175, 176, 177, 178, 179, 180, 182, 183, 185, 186, 187, 188, 189, 190, 191, 192, 193, 194, 195, 196, 197, 198, 199, 200, 201, 202]; 188; 2198;
espanha; [0, 1, 2, 6, 8, 9, 10, 11, 12, 14, 15, 18, 19, 20, 21, 22, 23, 26, 29, 30, 33, 34, 36, 38, 39, 40, 45, 46, 47, 49, 50, 53, 54, 55, 59, 60, 61, 62, 63, 64, 65, 66, 67, 68, 69, 71, 72, 74, 75, 77, 79, 83, 84, 86, 87, 88, 90, 91, 92, 93, 95, 97, 98, 99, 100, 101, 102, 103, 104, 105, 106, 107, 109, 110, 111, 112, 113, 114, 115, 116, 117, 118, 119, 120, 121, 122, 123, 124, 125, 128, 129, 131, 133, 134, 135, 138, 139, 141, 144, 145, 150, 151, 154, 156, 157, 158, 159, 160, 161, 162, 164, 165, 166, 168, 171, 172, 174, 175, 177, 178, 179, 180, 182, 185, 186, 191, 192, 193, 194, 195, 196, 197, 198, 199, 202]; 135; 638;
preço; [0, 1, 2, 4, 5, 6, 7, 8, 9, 10, 11, 12, 13, 14, 15, 16, 17, 18, 19, 20, 21, 22, 23, 24, 25, 26, 27, 29, 31, 32, 33, 34, 36, 37, 38, 39, 40, 41, 42, 45, 46, 47, 48, 49, 50, 53, 54, 55, 56, 57, 59, 60, 61, 62, 63, 64, 65, 66, 67, 68, 69, 71, 72, 73, 74, 75, 77, 79, 83, 84, 85, 86, 87, 88, 90, 91, 92, 93, 95, 97, 98, 99, 100, 101, 102, 103, 104, 105, 106, 107, 108, 110, 111, 112, 113, 114, 115, 116, 117, 118, 119, 120, 121, 122, 123, 124, 125, 127, 128, 129, 130, 131, 132, 133, 134, 135, 137, 138, 139, 140, 141, 142, 143, 144, 145, 147, 149, 150, 151, 153, 154, 155, 156, 157, 158, 159, 160, 161, 162, 163, 164, 165, 166, 168, 171, 172, 173, 174, 175, 176, 177, 178, 179, 180, 181, 182, 183, 185, 186, 188, 189, 190, 191, 192, 193, 194, 195, 196, 197, 198, 199, 200, 201, 202]; 174; 605;
blog; [0, 3, 11, 12, 13, 15, 16, 17, 19, 24, 25, 28, 29, 30, 31, 32, 33, 35, 36, 37, 38, 42, 43, 44, 46, 47, 48, 49, 51, 52, 58, 63, 69, 70, 71, 73, 76, 78, 79, 80, 81, 82, 83, 86, 88, 89, 92, 94, 96, 99, 100, 102, 109, 112, 113, 117, 118, 120, 122, 126, 130, 131, 134, 136, 137, 138, 140, 144, 146, 147, 151, 152, 153, 157, 158, 161, 162, 163, 166, 167, 170, 171, 172, 173, 175, 176, 181, 183, 184, 185, 186, 188, 189, 190, 192, 194, 195, 196, 198, 199, 200, 201]; 102; 148;
atendimento; [0, 1, 2, 3, 4, 5, 6, 7, 8, 9, 10, 11, 12, 13, 14, 15, 16, 17, 18, 19, 20, 21, 22, 23, 24, 25, 26, 27, 28, 29, 33, 34, 36, 37, 38, 39, 40, 41, 42, 43, 45, 46, 47, 48, 49, 50, 52, 53, 54, 55, 56, 57, 59, 60, 61, 62, 63, 64, 65, 66, 67, 68, 69, 71, 72, 73, 74, 75, 77, 78, 79, 80, 81, 82, 83, 84, 85, 86, 87, 88, 90, 91, 92, 93, 94, 95, 96, 97, 98, 99, 100, 101, 103, 104, 105, 106, 107, 108, 109, 110, 111, 112, 113, 114, 115, 116, 117, 118, 119, 120, 121, 122, 123, 124, 125, 126, 127, 128, 129, 131, 132, 133, 134, 135, 137, 138, 139, 140, 141, 142, 144, 145, 146, 147, 150, 151, 154, 155, 156, 157, 158, 159, 160, 161, 162, 163, 164, 165, 166, 167, 168, 170, 171, 172, 173, 174, 175, 176, 177, 178, 179, 180, 181, 182, 183, 184, 185, 186, 190, 191, 192, 193, 194, 195, 196, 197, 198, 199, 200, 201, 202]; 181; 387;
loja; [0, 2, 4, 5, 6, 7, 8, 9, 10, 11, 12, 14, 15, 18, 19, 21, 26, 27, 29, 33, 34, 36, 38, 40, 41, 46, 47, 49, 53, 54, 56, 57, 59, 62, 63, 64, 69, 71, 74, 75, 77, 79, 83, 84, 85, 86, 87, 88, 92, 98, 104, 105, 108, 111, 112, 113, 114, 115, 116, 117, 118, 119, 120, 122, 124, 125, 127, 128, 131, 132, 133, 134, 135, 138, 142, 145, 150, 151, 154, 155, 156, 157, 158, 159, 160, 161, 162, 163, 164, 165, 168, 169, 171, 172, 174, 178, 180, 182, 187, 191, 192, 193, 198, 199]; 104; 635;
seu; [0, 1, 2, 3, 4, 5, 6, 7, 8, 9, 10, 11, 12, 13, 14, 15, 16, 17, 19, 20, 22, 23, 24, 25, 26, 27, 28, 29, 30, 31, 32, 33, 34, 35, 36, 37, 38, 39, 40, 41, 42, 43, 44, 45, 46, 47, 48, 49, 50, 51, 52, 54, 55, 56, 57, 58, 60, 61, 62, 63, 65, 66, 67, 68, 69, 70, 71, 72, 73, 75, 76, 78, 79, 80, 81, 82, 83, 84, 85, 86, 88, 89, 90, 91, 92, 93, 94, 95, 96, 97, 98, 99, 100, 101, 102, 103, 106, 107, 108, 109, 110, 112, 113, 114, 115, 116, 117, 118, 119, 120, 121, 122, 123, 124, 125, 126, 127, 128, 129, 130, 131, 132, 133, 134, 136, 137, 138, 139, 140, 141, 142, 143, 144, 146, 147, 148, 150, 151, 152, 153, 154, 155, 156, 157, 158, 159, 160, 161, 162, 163, 165, 166, 167, 168, 169, 170, 171, 172, 173, 175, 176, 177, 179, 180, 181, 182, 183, 184, 185, 186, 187, 188, 189, 190, 192, 193, 194, 195, 196, 197, 198, 199, 200, 201, 202]; 185; 904;
meu; [0, 1, 6, 8, 9, 10, 11, 12, 13, 14, 15, 16, 17, 19, 20, 24, 25, 29, 30, 31, 32, 33, 34, 35, 36, 37, 38, 42, 44, 46, 47, 48, 49, 51, 54, 58, 60, 61, 63, 65, 68, 69, 70, 71, 72, 73, 75, 76, 79, 83, 84, 86, 88, 89, 90, 91, 92, 93, 98, 99, 100, 101, 102, 106, 107, 110, 112, 113, 115, 117, 118, 120, 121, 122, 124, 125, 130, 131, 133, 134, 136, 137, 138, 140, 148, 150, 151, 152, 153, 157, 158, 159, 160, 161, 162, 163, 168, 171, 172, 173, 176, 177, 179, 180, 182, 183, 185, 186, 188, 189, 190, 192, 195, 197, 198, 199, 200, 201, 202]; 119; 584;
pedido; [0, 1, 2, 4, 5, 6, 7, 8, 9, 10, 13, 14, 15, 16, 17, 18, 20, 21, 24, 25, 26, 27, 29, 30, 31, 32, 33, 34, 35, 37, 38, 40, 41, 42, 44, 48, 49, 51, 53, 54, 56, 57, 58, 59, 60, 61, 62, 63, 64, 65, 68, 69, 70, 71, 72, 73, 74, 75, 76, 77, 83, 84, 85, 87, 89, 90, 91, 93, 98, 99, 100, 101, 102, 104, 105, 106, 107, 108, 110, 111, 112, 114, 115, 116, 117, 118, 119, 120, 121, 124, 125, 127, 128, 130, 132, 133, 134, 135, 136, 137, 138, 140, 142, 145, 148, 150, 151, 152, 153, 154, 155, 156, 157, 159, 160, 163, 164, 165, 168, 173, 174, 176, 177, 178, 179, 180, 181, 182, 183, 185, 186, 188, 189, 190, 191, 192, 193, 195, 197, 198, 200, 201, 202]; 143; 383;
endereço; [0, 2, 4, 5, 6, 7, 8, 9, 10, 13, 14, 15, 16, 17, 18, 21, 24, 25, 26, 27, 29, 33, 34, 37, 38, 40, 41, 42, 48, 49, 53, 54, 56, 57, 59, 62, 63, 64, 69, 71, 73, 74, 75, 77, 83, 84, 85, 87, 98, 99, 100, 101, 104, 105, 108, 111, 112, 114, 115, 116, 117, 118, 119, 120, 124, 125, 127, 128, 132, 133, 134, 135, 137, 138, 140, 142, 145, 150, 151, 154, 155, 156, 157, 159, 160, 163, 164, 165, 168, 170, 173, 174, 176, 178, 180, 181, 182, 183, 185, 186, 190, 191, 192, 193, 198, 200]; 106; 192;
produto; [0, 1, 2, 4, 5, 6, 7, 8, 9, 10, 11, 12, 14, 15, 19, 20, 22, 23, 27, 29, 30, 31, 32, 33, 34, 35, 36, 38, 39, 40, 41, 44, 45, 46, 47, 49, 50, 51, 54, 55, 56, 57, 58, 59, 60, 61, 63, 64, 65, 66, 67, 68, 69, 70, 71, 72, 75, 76, 79, 83, 84, 85, 86, 87, 88, 89, 90, 91, 92, 93, 95, 97, 98, 100, 101, 102, 103, 104, 105, 106, 107, 108, 110, 111, 112, 113, 114, 115, 116, 117, 118, 119, 120, 121, 122, 123, 124, 125, 127, 128, 129, 130, 131, 132, 133, 134, 135, 136, 137, 138, 139, 140, 141, 142, 144, 145, 147, 148, 150, 151, 152, 153, 154, 155, 156, 157, 158, 159, 160, 161, 162, 163, 164, 165, 166, 168, 171, 172, 173, 174, 175, 176, 177, 178, 179, 180, 181, 182, 183, 186, 187, 188, 189, 190, 191, 192, 193, 194, 195, 196, 197, 198, 199, 200, 201, 202]; 166; 737;
ao; [0, 1, 2, 3, 4, 5, 6, 7, 8, 9, 10, 11, 12, 14, 15, 18, 19, 20, 21, 22, 23, 26, 27, 28, 29, 30, 31, 32, 33, 34, 35, 36, 38, 39, 40, 41, 43, 44, 45, 46, 47, 49, 50, 51, 52, 54, 55, 56, 57, 58, 59, 60, 61, 62, 63, 64, 65, 66, 67, 68, 69, 70, 71, 72, 74, 75, 76, 78, 79, 80, 81, 82, 83, 84, 85, 86, 88, 89, 90, 91, 92, 93, 94, 95, 96, 97, 98, 101, 102, 103, 105, 106, 107, 108, 109, 110, 111, 112, 113, 114, 115, 116, 117, 118, 119, 120, 121, 122, 123, 124, 125, 126, 127, 128, 129, 130, 131, 132, 133, 134, 136, 137, 138, 139, 141, 142, 143, 144, 146, 147, 148, 150, 151, 152, 153, 154, 155, 157, 158, 159, 160, 161, 162, 163, 165, 166, 167, 168, 169, 170, 171, 172, 173, 175, 176, 177, 179, 180, 181, 182, 183, 184, 186, 187, 188, 189, 192, 193, 194, 195, 196, 197, 198, 199, 202]; 175; 855;
carrinho; [0, 1, 2, 3, 4, 5, 6, 7, 8, 9, 10, 11, 12, 13, 14, 15, 16, 17, 19, 20, 22, 23, 24, 25, 27, 28, 29, 33, 34, 36, 37, 38, 39, 40, 41, 42, 43, 45, 46, 47, 48, 49, 50, 52, 54, 55, 56, 57, 60, 61, 63, 65, 66, 67, 68, 69, 71, 72, 73, 75, 78, 79, 80, 81, 82, 83, 84, 85, 86, 88, 90, 91, 92, 93, 94, 95, 96, 97, 98, 99, 100, 101, 103, 106, 107, 108, 110, 112, 113, 114, 115, 116, 117, 118, 119, 120, 121, 122, 123, 124, 125, 126, 127, 129, 131, 132, 133, 134, 137, 138, 139, 140, 141, 142, 144, 146, 147, 148, 150, 151, 155, 157, 158, 159, 160, 161, 162, 163, 165, 166, 167, 168, 171, 172, 173, 175, 176, 177, 179, 180, 181, 182, 183, 185, 186, 190, 192, 193, 194, 195, 196, 197, 198, 199, 200, 202]; 156; 608;
paí; [0, 1, 1, 2, 4, 5, 6, 6, 7, 8, 8, 9, 9, 10, 11, 11, 12, 12, 14, 14, 15, 18, 19, 19, 20, 20, 21, 22, 23, 26, 27, 29, 30, 31, 32, 33, 34, 34, 35, 36, 36, 38, 39, 40, 41, 44, 44, 45, 46, 46, 47, 47, 49, 50, 51, 53, 54, 55, 56, 57, 58, 58, 59, 60, 60, 61, 61, 62, 63, 64, 65, 65, 66, 67, 68, 68, 69, 70, 71, 72, 72, 74, 75, 75, 76, 77, 79, 79, 83, 84, 84, 85, 86, 86, 87, 88, 88, 89, 90, 90, 91, 91, 92, 92, 93, 93, 95, 97, 98, 98, 100, 101, 101, 102, 103, 104, 105, 106, 106, 107, 107, 108, 110, 110, 111, 112, 113, 113, 114, 115, 115, 116, 117, 118, 119, 120, 120, 121, 121, 122, 123, 124, 124, 125, 125, 126, 127, 128, 129, 130, 131, 132, 133, 134, 135, 136, 137, 138, 139, 140, 141, 142, 143, 143, 144, 145, 150, 151, 151, 152, 153, 154, 155, 156, 157, 158, 159, 159, 160, 161, 161, 162, 162, 163, 164, 165, 166, 168, 168, 169, 171, 172, 172, 173, 173, 174, 175, 176, 177, 177, 178, 179, 179, 180, 180, 181, 182, 182, 183, 186, 187, 187, 188, 189, 190, 191, 192, 193, 194, 195, 195, 196, 197, 197, 198, 199, 199, 200, 201, 202, 202]; 231; 988;
região; [0, 1, 2, 4, 5, 6, 7, 8, 9, 10, 11, 12, 14, 15, 18, 19, 20, 21, 22, 23, 26, 27, 29, 31, 33, 34, 35, 36, 37, 38, 39, 40, 41, 45, 46, 47, 48, 49, 50, 51, 53, 54, 55, 56, 57, 59, 60, 61, 62, 63, 64, 65, 66, 67, 68, 69, 71, 72, 74, 75, 79, 83, 84, 85, 86, 87, 88, 90, 91, 92, 93, 95, 97, 98, 100, 101, 106, 107, 108, 110, 112, 115, 116, 118, 119, 120, 121, 123, 124, 125, 126, 127, 132, 133, 134, 137, 138, 140, 142, 143, 144, 146, 150, 151, 156, 157, 159, 160, 164, 165, 166, 168, 173, 176, 177, 179, 180, 181, 182, 183, 186, 187, 190, 192, 195, 196, 197, 198, 200, 202]; 130; 427;
argentina; [0, 1, 6, 8, 9, 10, 11, 12, 14, 15, 18, 19, 20, 21, 22, 23, 26, 29, 33, 34, 36, 38, 39, 45, 46, 47, 49, 50, 51, 53, 54, 55, 59, 60, 61, 62, 63, 64, 65, 66, 67, 68, 69, 71, 72, 74, 75, 77, 79, 83, 84, 86, 87, 88, 90, 91, 92, 93, 95, 97, 98, 101, 102, 103, 104, 105, 106, 107, 109, 110, 111, 112, 113, 115, 117, 118, 120, 121, 122, 123, 124, 125, 126, 128, 129, 131, 132, 133, 134, 135, 138, 139, 141, 144, 145, 150, 151, 154, 156, 157, 158, 159, 160, 161, 162, 164, 166, 168, 171, 172, 173, 174, 175, 177, 178, 179, 180, 182, 185, 191, 192, 194, 195, 196, 197, 198, 199, 200, 202]; 129; 597;
chile; [0, 1, 6, 7, 8, 9, 10, 11, 12, 14, 15, 18, 19, 20, 21, 22, 23, 26, 29, 32, 33, 34, 36, 38, 39, 40, 41, 44, 45, 46, 47, 49, 50, 53, 54, 55, 59, 60, 61, 62, 63, 64, 65, 66, 67, 68, 69, 71, 72, 74, 75, 77, 79, 83, 84, 85, 86, 87, 88, 90, 91, 92, 93, 95, 97, 98, 101, 102, 103, 104, 105, 106, 107, 109, 110, 111, 112, 113, 114, 115, 117, 118, 120, 121, 122, 123, 124, 125, 126, 127, 128, 129, 131, 133, 134, 135, 137, 138, 139, 141, 144, 145, 150, 151, 154, 156, 157, 158, 159, 160, 161, 162, 164, 166, 168, 171, 172, 174, 175, 177, 178, 179, 180, 182, 191, 192, 194, 195, 196, 197, 198, 199, 200, 202]; 134; 671;
frança; [0, 1, 2, 4, 5, 6, 8, 9, 10, 11, 12, 14, 15, 17, 18, 19, 20, 21, 22, 23, 25, 26, 27, 29, 33, 34, 36, 37, 38, 39, 40, 45, 46, 47, 49, 50, 53, 54, 55, 56, 59, 60, 61, 62, 63, 64, 65, 66, 67, 68, 69, 71, 72, 74, 75, 77, 79, 83, 84, 86, 87, 88, 90, 91, 92, 93, 95, 97, 98, 101, 103, 104, 105, 106, 107, 108, 109, 110, 111, 112, 113, 114, 115, 117, 118, 119, 120, 121, 122, 123, 124, 125, 128, 129, 131, 133, 134, 135, 138, 139, 140, 141, 144, 145, 149, 150, 151, 153, 154, 155, 156, 157, 158, 159, 160, 161, 162, 164, 166, 168, 171, 172, 174, 175, 177, 178, 179, 180, 182, 185, 187, 189, 191, 192, 193, 194, 195, 196, 197, 198, 199, 202]; 142; 606;
itália; [0, 1, 6, 7, 8, 9, 10, 11, 12, 13, 14, 15, 16, 18, 19, 20, 21, 22, 23, 26, 29, 33, 34, 35, 36, 38, 39, 42, 45, 46, 47, 49, 50, 53, 54, 55, 59, 60, 61, 62, 63, 64, 65, 66, 67, 68, 69, 71, 72, 73, 74, 75, 77, 79, 83, 84, 86, 87, 88, 90, 91, 92, 93, 95, 97, 98, 101, 102, 103, 104, 105, 106, 107, 108, 109, 110, 111, 112, 113, 114, 115, 117, 118, 120, 121, 122, 123, 124, 125, 128, 129, 131, 133, 134, 135, 138, 139, 141, 144, 145, 149, 150, 151, 154, 156, 157, 158, 159, 160, 161, 162, 164, 165, 166, 168, 171, 172, 173, 174, 175, 176, 177, 178, 179, 180, 182, 183, 185, 187, 189, 190, 191, 192, 194, 195, 196, 197, 198, 199, 200, 202]; 141; 642;
portug; [0, 1, 2, 5, 6, 7, 8, 9, 10, 11, 12, 14, 15, 18, 19, 20, 21, 22, 23, 26, 29, 33, 34, 36, 38, 39, 45, 46, 47, 48, 49, 50, 53, 54, 55, 56, 57, 59, 60, 61, 62, 63, 64, 65, 66, 67, 68, 69, 71, 72, 74, 75, 77, 79, 83, 84, 85, 86, 87, 88, 90, 91, 92, 93, 95, 97, 98, 101, 102, 103, 104, 105, 106, 107, 109, 110, 111, 112, 113, 114, 115, 116, 117, 118, 120, 121, 122, 123, 124, 125, 126, 128, 129, 131, 133, 134, 135, 138, 139, 141, 143, 144, 145, 150, 151, 153, 154, 156, 157, 158, 159, 160, 161, 162, 164, 166, 168, 171, 172, 174, 175, 177, 178, 179, 180, 182, 185, 191, 192, 194, 195, 196, 197, 198, 199, 200, 202]; 137; 596;
brasil; [0, 1, 2, 4, 5, 6, 7, 8, 9, 10, 11, 12, 14, 15, 18, 19, 20, 21, 22, 23, 26, 27, 29, 33, 34, 36, 38, 39, 40, 41, 45, 46, 47, 49, 50, 53, 54, 55, 56, 57, 59, 60, 61, 62, 63, 64, 65, 66, 67, 68, 69, 71, 72, 74, 75, 77, 79, 83, 84, 85, 86, 87, 88, 90, 91, 92, 93, 95, 97, 98, 101, 102, 103, 104, 105, 106, 107, 108, 109, 110, 111, 112, 113, 114, 115, 116, 117, 118, 119, 120, 121, 122, 123, 124, 125, 127, 128, 129, 131, 132, 133, 134, 135, 138, 139, 141, 142, 143, 144, 145, 150, 151, 154, 155, 156, 157, 158, 159, 160, 161, 162, 164, 165, 166, 168, 169, 171, 172, 173, 174, 175, 177, 178, 179, 180, 181, 182, 187, 189, 191, 192, 193, 194, 195, 196, 197, 198, 199, 202]; 149; 602;
austrália; [0, 1, 6, 8, 9, 10, 14, 15, 20, 22, 23, 29, 33, 34, 38, 39, 45, 49, 50, 54, 55, 60, 61, 63, 65, 66, 67, 68, 69, 71, 72, 75, 83, 84, 90, 91, 93, 95, 97, 98, 101, 103, 104, 105, 106, 107, 110, 111, 112, 114, 115, 118, 120, 121, 123, 124, 125, 129, 133, 134, 135, 138, 139, 141, 144, 145, 150, 151, 154, 156, 157, 159, 160, 164, 166, 168, 173, 174, 175, 177, 178, 179, 180, 182, 191, 192, 194, 195, 196, 197, 198, 202]; 92; 365;
estado; [0, 1, 6, 8, 9, 10, 11, 12, 14, 15, 19, 20, 22, 23, 29, 33, 34, 36, 38, 39, 41, 45, 46, 47, 49, 50, 54, 55, 60, 61, 63, 65, 66, 67, 68, 69, 71, 72, 75, 79, 83, 84, 86, 88, 90, 91, 92, 93, 95, 97, 98, 101, 103, 104, 105, 106, 107, 110, 111, 112, 115, 118, 120, 121, 123, 124, 125, 126, 129, 133, 134, 135, 138, 139, 141, 144, 145, 146, 150, 151, 154, 156, 157, 159, 160, 163, 164, 166, 168, 173, 174, 175, 177, 178, 179, 180, 181, 182, 185, 191, 192, 194, 195, 196, 197, 198, 200, 202]; 108; 385;
unido; [0, 1, 6, 8, 9, 10, 12, 14, 15, 20, 22, 23, 29, 33, 34, 38, 39, 41, 45, 49, 50, 54, 55, 60, 61, 63, 65, 66, 67, 68, 69, 71, 72, 75, 83, 84, 90, 91, 93, 95, 97, 98, 101, 103, 104, 105, 106, 107, 110, 111, 112, 115, 118, 120, 121, 123, 124, 125, 129, 133, 134, 135, 138, 139, 141, 144, 145, 150, 151, 154, 156, 157, 159, 160, 164, 166, 168, 173, 174, 175, 177, 178, 179, 180, 182, 185, 191, 192, 194, 195, 196, 197, 198, 202]; 94; 364;
áfrica; [0, 1, 6, 8, 9, 10, 14, 15, 18, 20, 21, 22, 23, 24, 26, 29, 33, 34, 38, 39, 45, 49, 50, 53, 54, 55, 59, 60, 61, 62, 63, 64, 65, 66, 67, 68, 69, 71, 72, 74, 75, 77, 83, 84, 87, 90, 91, 93, 95, 97, 98, 101, 102, 103, 104, 105, 106, 107, 109, 110, 111, 112, 114, 115, 118, 120, 121, 123, 124, 125, 126, 128, 129, 133, 134, 135, 138, 139, 141, 144, 145, 146, 150, 151, 154, 156, 157, 159, 160, 164, 166, 167, 168, 173, 174, 175, 177, 178, 179, 180, 182, 185, 187, 191, 192, 194, 195, 196, 197, 198, 200, 202]; 112; 428;
do; [0, 1, 2, 3, 4, 5, 6, 7, 8, 9, 10, 11, 12, 13, 14, 15, 16, 17, 18, 19, 20, 21, 22, 23, 24, 25, 26, 27, 28, 29, 30, 31, 32, 33, 34, 35, 36, 37, 38, 39, 40, 41, 42, 43, 44, 45, 46, 47, 48, 49, 50, 51, 52, 53, 54, 55, 56, 57, 58, 59, 60, 61, 62, 63, 64, 65, 66, 67, 68, 69, 70, 71, 72, 73, 74, 75, 76, 77, 78, 79, 80, 81, 82, 83, 84, 85, 86, 87, 88, 89, 90, 91, 92, 93, 94, 95, 96, 97, 98, 99, 100, 101, 102, 103, 104, 105, 106, 107, 108, 109, 110, 111, 112, 113, 114, 115, 116, 117, 118, 119, 120, 121, 122, 123, 124, 125, 126, 127, 128, 129, 130, 131, 132, 133, 134, 135, 137, 138, 139, 140, 141, 142, 143, 144, 145, 146, 147, 148, 149, 150, 151, 152, 154, 155, 156, 157, 158, 159, 160, 161, 162, 163, 164, 165, 166, 167, 168, 169, 170, 171, 172, 173, 174, 175, 176, 177, 178, 179, 180, 181, 182, 183, 184, 185, 186, 187, 188, 189, 190, 191, 192, 193, 194, 195, 196, 197, 198, 199, 200, 201, 202]; 201; 3825;
sul; [0, 1, 3, 5, 6, 8, 9, 10, 12, 13, 14, 15, 16, 17, 18, 19, 20, 21, 22, 23, 24, 25, 26, 28, 29, 32, 33, 34, 36, 37, 38, 39, 42, 43, 45, 46, 48, 49, 50, 52, 53, 54, 55, 59, 60, 61, 62, 63, 64, 65, 66, 67, 68, 69, 71, 72, 73, 74, 75, 77, 78, 79, 80, 81, 82, 83, 84, 87, 90, 91, 93, 94, 95, 96, 97, 98, 99, 100, 101, 102, 103, 104, 105, 106, 107, 109, 110, 111, 112, 114, 115, 118, 120, 121, 123, 124, 125, 126, 128, 129, 133, 134, 135, 137, 138, 139, 140, 141, 143, 144, 145, 146, 147, 150, 151, 154, 156, 157, 159, 160, 164, 166, 167, 168, 170, 173, 174, 175, 176, 177, 178, 179, 180, 181, 182, 183, 184, 185, 186, 187, 189, 190, 191, 192, 194, 195, 196, 197, 198, 200, 202]; 151; 601;
bordeaux; [0, 1, 6, 8, 9, 10, 12, 13, 14, 15, 16, 17, 20, 24, 25, 29, 33, 34, 37, 38, 42, 48, 49, 54, 60, 61, 63, 65, 68, 69, 71, 72, 73, 75, 83, 84, 90, 91, 93, 98, 99, 100, 101, 102, 106, 107, 110, 112, 115, 118, 120, 121, 124, 125, 133, 134, 137, 138, 140, 150, 151, 157, 159, 160, 167, 168, 173, 176, 177, 179, 180, 182, 183, 185, 186, 187, 190, 192, 195, 197, 198, 200, 202]; 83; 351;
douro; [0, 6, 8, 9, 10, 11, 12, 13, 14, 15, 16, 17, 19, 24, 25, 29, 33, 34, 36, 37, 38, 42, 46, 47, 48, 49, 54, 57, 63, 64, 69, 71, 73, 75, 79, 83, 84, 86, 88, 92, 98, 99, 100, 102, 112, 113, 115, 117, 118, 120, 122, 123, 124, 125, 131, 133, 134, 137, 138, 140, 144, 150, 151, 157, 158, 159, 160, 161, 162, 166, 168, 171, 172, 173, 175, 176, 180, 182, 183, 185, 186, 188, 190, 192, 198, 199, 200]; 87; 394;
porto; [0, 1, 3, 6, 8, 9, 10, 11, 12, 13, 14, 15, 16, 17, 19, 20, 24, 25, 28, 29, 33, 34, 36, 37, 38, 42, 43, 46, 47, 48, 49, 52, 54, 57, 60, 61, 63, 65, 66, 68, 69, 71, 72, 73, 75, 78, 79, 80, 81, 82, 83, 84, 86, 88, 90, 91, 92, 93, 94, 96, 98, 99, 100, 101, 102, 106, 107, 109, 110, 112, 113, 115, 117, 118, 120, 121, 122, 124, 125, 126, 131, 133, 134, 137, 138, 140, 144, 146, 147, 150, 151, 153, 157, 158, 159, 160, 161, 162, 166, 167, 168, 169, 170, 171, 172, 173, 176, 177, 179, 180, 181, 182, 183, 184, 185, 186, 190, 191, 192, 195, 197, 198, 199, 200, 202]; 125; 481;
champagn; [0, 1, 6, 8, 9, 10, 13, 14, 15, 16, 17, 20, 24, 25, 29, 33, 34, 37, 38, 42, 48, 49, 54, 60, 61, 63, 65, 68, 69, 71, 72, 73, 75, 79, 83, 84, 88, 90, 91, 93, 96, 98, 99, 100, 101, 102, 106, 107, 110, 112, 115, 118, 120, 121, 124, 125, 130, 133, 134, 137, 138, 140, 150, 151, 157, 159, 160, 164, 168, 173, 176, 177, 179, 180, 182, 183, 185, 186, 190, 192, 195, 197, 198, 200, 202]; 85; 586;
toscana; [0, 1, 6, 8, 9, 10, 13, 14, 15, 16, 17, 19, 20, 24, 25, 29, 33, 34, 35, 37, 38, 42, 48, 49, 54, 60, 61, 63, 65, 68, 69, 71, 72, 73, 75, 83, 84, 90, 91, 93, 98, 99, 100, 101, 102, 106, 107, 110, 112, 115, 118, 120, 121, 124, 125, 133, 134, 136, 137, 138, 140, 144, 150, 151, 157, 159, 160, 166, 167, 168, 173, 176, 177, 179, 180, 182, 183, 185, 186, 188, 190, 192, 195, 197, 198, 200, 202]; 87; 300;
ver; [0, 1, 6, 8, 9, 10, 11, 12, 13, 14, 15, 16, 17, 18, 19, 20, 21, 24, 25, 26, 29, 33, 34, 36, 37, 38, 42, 46, 47, 48, 49, 50, 53, 54, 59, 60, 61, 62, 63, 64, 65, 67, 68, 69, 71, 72, 73, 74, 75, 77, 79, 83, 84, 86, 87, 88, 90, 91, 92, 93, 98, 99, 100, 101, 102, 104, 105, 106, 107, 110, 111, 112, 113, 115, 117, 118, 120, 121, 122, 123, 124, 125, 128, 130, 131, 133, 134, 135, 137, 138, 140, 141, 144, 145, 150, 151, 152, 153, 154, 156, 157, 158, 159, 160, 161, 162, 164, 168, 171, 172, 173, 174, 176, 177, 178, 179, 180, 181, 182, 183, 185, 186, 188, 189, 190, 191, 192, 195, 197, 198, 199, 200, 201, 202]; 134; 3016;
todo; [0, 1, 6, 8, 9, 10, 11, 12, 14, 15, 18, 19, 20, 21, 22, 23, 26, 29, 30, 31, 32, 33, 34, 35, 36, 38, 39, 44, 45, 46, 47, 49, 50, 51, 53, 54, 55, 57, 58, 59, 60, 61, 62, 63, 64, 65, 66, 67, 68, 69, 70, 71, 72, 74, 75, 76, 77, 79, 83, 84, 86, 87, 88, 89, 90, 91, 92, 93, 95, 97, 98, 101, 102, 103, 104, 105, 106, 107, 110, 111, 112, 113, 114, 115, 117, 118, 120, 121, 122, 123, 124, 125, 128, 129, 130, 131, 133, 134, 135, 136, 138, 139, 141, 143, 144, 145, 148, 149, 150, 151, 152, 153, 154, 156, 157, 158, 159, 160, 161, 162, 163, 164, 166, 168, 169, 171, 172, 174, 175, 177, 178, 179, 180, 181, 182, 187, 188, 189, 191, 192, 194, 195, 196, 197, 198, 199, 201, 202]; 148; 1517;
produtor; [0, 1, 5, 13, 14, 15, 16, 17, 18, 20, 21, 24, 25, 26, 29, 30, 31, 32, 33, 34, 35, 37, 38, 42, 44, 48, 49, 51, 53, 58, 59, 60, 61, 62, 63, 64, 65, 68, 69, 70, 71, 72, 73, 74, 75, 76, 77, 83, 87, 89, 90, 91, 93, 98, 99, 100, 101, 102, 104, 105, 106, 107, 110, 111, 112, 116, 118, 120, 121, 123, 126, 127, 128, 130, 132, 134, 135, 136, 137, 138, 140, 143, 145, 151, 152, 153, 154, 156, 157, 163, 164, 173, 174, 176, 177, 178, 179, 183, 186, 187, 188, 189, 190, 191, 192, 195, 197, 198, 200, 201, 202]; 111; 369;
tipo; [0, 1, 2, 4, 5, 6, 7, 8, 9, 10, 11, 12, 13, 14, 15, 16, 17, 18, 19, 20, 21, 22, 23, 24, 25, 26, 27, 29, 33, 34, 36, 37, 38, 39, 40, 41, 42, 45, 46, 47, 48, 49, 50, 53, 54, 55, 56, 57, 59, 60, 61, 62, 63, 64, 65, 66, 67, 68, 69, 71, 72, 73, 74, 75, 77, 79, 83, 84, 85, 86, 87, 88, 90, 91, 92, 93, 95, 97, 98, 99, 100, 101, 103, 104, 105, 106, 107, 108, 110, 111, 112, 113, 114, 115, 116, 117, 118, 119, 120, 121, 122, 123, 124, 125, 127, 128, 129, 131, 132, 133, 134, 135, 137, 138, 139, 140, 141, 142, 144, 145, 150, 151, 153, 154, 155, 156, 157, 158, 159, 160, 161, 162, 164, 165, 166, 167, 168, 169, 171, 172, 173, 174, 175, 176, 177, 178, 179, 180, 181, 182, 183, 185, 186, 187, 189, 190, 191, 192, 193, 194, 195, 196, 197, 198, 199, 200, 202]; 167; 874;
branco; [0, 1, 2, 4, 5, 6, 7, 8, 9, 10, 11, 12, 13, 14, 15, 16, 17, 18, 19, 20, 21, 22, 23, 24, 25, 26, 27, 29, 30, 31, 32, 33, 34, 35, 36, 37, 38, 39, 40, 41, 42, 44, 45, 46, 47, 48, 49, 50, 51, 53, 54, 55, 56, 57, 58, 59, 60, 61, 62, 63, 64, 65, 66, 67, 68, 69, 70, 71, 72, 73, 74, 75, 76, 77, 79, 83, 84, 85, 86, 87, 88, 89, 90, 91, 92, 93, 95, 97, 98, 99, 100, 101, 102, 103, 104, 105, 106, 107, 108, 109, 110, 111, 112, 113, 114, 115, 116, 117, 118, 119, 120, 121, 122, 123, 124, 125, 126, 127, 128, 129, 130, 131, 132, 133, 134, 135, 136, 137, 138, 139, 140, 141, 142, 144, 145, 146, 147, 150, 151, 152, 153, 154, 155, 156, 157, 158, 159, 160, 161, 162, 163, 164, 165, 166, 168, 169, 171, 172, 173, 174, 175, 176, 177, 178, 179, 180, 181, 182, 183, 185, 186, 188, 189, 190, 191, 192, 193, 194, 195, 196, 197, 198, 199, 200, 201, 202]; 186; 1386;
espum; [0, 1, 2, 4, 5, 6, 7, 8, 9, 10, 11, 12, 13, 14, 15, 16, 17, 18, 19, 20, 21, 22, 23, 24, 25, 26, 27, 29, 30, 31, 32, 33, 34, 35, 36, 37, 38, 39, 40, 41, 42, 44, 45, 46, 47, 48, 49, 50, 51, 53, 54, 55, 56, 57, 58, 59, 60, 61, 62, 63, 64, 65, 66, 67, 68, 69, 70, 71, 72, 73, 74, 75, 76, 77, 79, 82, 83, 84, 85, 86, 87, 88, 89, 90, 91, 92, 93, 95, 97, 98, 99, 100, 101, 102, 103, 104, 105, 106, 107, 108, 109, 110, 111, 112, 113, 114, 115, 116, 117, 118, 119, 120, 121, 122, 123, 124, 125, 127, 128, 129, 130, 131, 132, 133, 134, 135, 136, 137, 138, 139, 140, 141, 142, 144, 145, 146, 150, 151, 152, 153, 154, 155, 156, 157, 158, 159, 160, 161, 162, 163, 164, 165, 166, 167, 168, 169, 171, 172, 173, 174, 175, 176, 177, 178, 179, 180, 181, 182, 183, 185, 186, 187, 188, 189, 190, 191, 192, 193, 194, 195, 196, 197, 198, 199, 200, 201, 202]; 187; 1541;
uva; [0, 1, 2, 4, 5, 6, 7, 8, 9, 10, 11, 12, 13, 14, 15, 16, 17, 18, 19, 20, 21, 22, 23, 24, 25, 26, 27, 29, 30, 31, 32, 33, 34, 35, 36, 37, 38, 39, 40, 41, 42, 44, 45, 46, 47, 48, 49, 50, 51, 53, 54, 55, 56, 57, 58, 59, 60, 61, 62, 63, 64, 65, 66, 67, 68, 69, 70, 71, 72, 73, 74, 75, 76, 77, 79, 83, 84, 85, 86, 87, 88, 89, 90, 91, 92, 93, 95, 97, 98, 99, 100, 101, 102, 103, 104, 105, 106, 107, 110, 111, 112, 113, 115, 116, 117, 118, 120, 121, 122, 123, 124, 125, 126, 127, 128, 129, 130, 131, 132, 133, 134, 135, 136, 137, 138, 139, 140, 141, 143, 144, 145, 146, 150, 151, 152, 153, 154, 156, 157, 158, 159, 160, 161, 162, 163, 164, 166, 168, 169, 171, 172, 173, 174, 175, 176, 177, 178, 179, 180, 182, 183, 185, 186, 187, 188, 189, 190, 191, 192, 194, 195, 196, 197, 198, 199, 200, 201, 202]; 178; 966;
malbec; [0, 1, 6, 8, 9, 10, 11, 12, 13, 14, 15, 16, 17, 18, 19, 20, 21, 22, 23, 24, 25, 26, 29, 33, 34, 36, 37, 38, 39, 42, 45, 46, 47, 48, 49, 50, 53, 54, 55, 59, 60, 61, 62, 63, 64, 65, 66, 67, 68, 69, 71, 72, 73, 74, 75, 77, 79, 83, 84, 86, 87, 88, 90, 91, 92, 93, 95, 97, 98, 99, 100, 101, 102, 103, 104, 105, 106, 107, 109, 110, 111, 112, 113, 115, 117, 118, 120, 121, 122, 123, 124, 125, 126, 128, 129, 131, 132, 133, 134, 135, 137, 138, 139, 140, 141, 144, 145, 146, 150, 151, 153, 154, 156, 157, 158, 159, 160, 161, 162, 164, 166, 167, 168, 171, 172, 173, 174, 175, 176, 177, 178, 179, 180, 182, 183, 185, 186, 190, 191, 192, 194, 195, 196, 197, 198, 199, 200, 202]; 148; 1377;
syrah; [0, 1, 6, 8, 9, 10, 11, 12, 13, 14, 15, 16, 17, 18, 19, 20, 21, 22, 23, 24, 25, 26, 29, 33, 34, 36, 37, 38, 39, 42, 45, 46, 47, 48, 49, 50, 53, 54, 55, 59, 60, 61, 62, 63, 64, 65, 66, 67, 68, 69, 71, 72, 73, 74, 75, 77, 79, 83, 84, 86, 87, 88, 90, 91, 92, 93, 95, 97, 98, 99, 100, 101, 102, 103, 104, 105, 106, 107, 109, 110, 111, 112, 113, 115, 117, 118, 120, 121, 122, 123, 124, 125, 126, 128, 129, 131, 133, 134, 135, 137, 138, 139, 140, 141, 144, 145, 146, 150, 151, 154, 156, 157, 158, 159, 160, 161, 162, 164, 166, 167, 168, 171, 172, 173, 174, 175, 176, 177, 178, 179, 180, 182, 183, 185, 186, 190, 191, 192, 194, 195, 196, 197, 198, 199, 200, 202]; 146; 658;
carménèr; [0, 1, 6, 8, 9, 10, 14, 15, 18, 20, 21, 22, 23, 26, 29, 33, 34, 38, 39, 44, 45, 46, 49, 50, 53, 54, 55, 59, 60, 61, 62, 63, 64, 65, 66, 67, 68, 69, 71, 72, 74, 75, 77, 83, 84, 87, 90, 91, 93, 95, 97, 98, 101, 102, 103, 104, 105, 106, 107, 110, 111, 112, 113, 115, 118, 120, 121, 123, 124, 125, 128, 129, 133, 134, 135, 138, 139, 141, 144, 145, 150, 151, 154, 156, 157, 159, 160, 164, 166, 168, 174, 175, 177, 178, 179, 180, 182, 187, 191, 192, 194, 195, 196, 197, 198, 199, 202]; 107; 563;
pinot; [0, 1, 5, 6, 8, 9, 10, 11, 12, 13, 14, 15, 16, 17, 18, 19, 20, 21, 22, 23, 24, 25, 26, 27, 29, 33, 34, 36, 37, 38, 39, 42, 45, 46, 47, 48, 49, 50, 53, 54, 55, 59, 60, 61, 62, 63, 64, 65, 66, 67, 68, 69, 71, 72, 73, 74, 75, 77, 79, 83, 84, 86, 87, 88, 90, 91, 92, 93, 95, 97, 98, 99, 100, 101, 102, 103, 104, 105, 106, 107, 109, 110, 111, 112, 113, 115, 117, 118, 120, 121, 122, 123, 124, 125, 126, 128, 129, 131, 133, 134, 135, 137, 138, 139, 140, 141, 144, 145, 146, 150, 151, 153, 154, 155, 156, 157, 158, 159, 160, 161, 162, 164, 165, 166, 167, 168, 171, 172, 173, 174, 175, 176, 177, 178, 179, 180, 182, 183, 185, 186, 187, 190, 191, 192, 194, 195, 196, 197, 198, 199, 200, 202]; 152; 1055;
noir; [0, 1, 5, 6, 8, 9, 10, 11, 12, 13, 14, 15, 16, 17, 18, 19, 20, 21, 22, 23, 24, 25, 26, 27, 29, 33, 34, 36, 37, 38, 39, 42, 45, 46, 47, 48, 49, 50, 53, 54, 55, 59, 60, 61, 62, 63, 64, 65, 66, 67, 68, 69, 71, 72, 73, 74, 75, 77, 79, 83, 84, 86, 87, 88, 90, 91, 92, 93, 95, 97, 98, 99, 100, 101, 102, 103, 104, 105, 106, 107, 109, 110, 111, 112, 113, 115, 117, 118, 120, 121, 122, 123, 124, 125, 126, 128, 129, 131, 133, 134, 135, 137, 138, 139, 140, 141, 144, 145, 146, 150, 151, 154, 155, 156, 157, 158, 159, 160, 161, 162, 164, 165, 166, 167, 168, 171, 172, 173, 174, 175, 176, 177, 178, 179, 180, 182, 183, 185, 186, 187, 190, 191, 192, 194, 195, 196, 197, 198, 199, 200, 202]; 151; 719;
chardonnay; [0, 1, 3, 5, 6, 7, 8, 9, 10, 13, 14, 15, 16, 17, 18, 20, 21, 22, 23, 24, 25, 26, 29, 33, 34, 37, 38, 39, 40, 42, 45, 48, 49, 50, 53, 54, 55, 59, 60, 61, 62, 63, 64, 65, 66, 67, 68, 69, 71, 72, 73, 74, 75, 77, 78, 80, 83, 84, 87, 88, 90, 91, 93, 95, 97, 98, 99, 100, 101, 102, 103, 104, 105, 106, 107, 109, 110, 111, 112, 113, 115, 118, 120, 121, 123, 124, 125, 126, 128, 129, 133, 134, 135, 137, 138, 139, 140, 141, 144, 145, 146, 150, 151, 154, 156, 157, 159, 160, 164, 166, 167, 168, 171, 173, 174, 175, 176, 177, 178, 179, 180, 182, 183, 185, 186, 190, 191, 192, 194, 195, 196, 197, 198, 200, 202]; 135; 875;
merlot; [0, 1, 6, 8, 9, 10, 12, 13, 14, 15, 16, 17, 18, 20, 21, 22, 23, 24, 25, 26, 29, 33, 34, 35, 37, 38, 39, 42, 45, 48, 49, 50, 53, 54, 55, 59, 60, 61, 62, 63, 64, 65, 66, 67, 68, 69, 71, 72, 73, 74, 75, 77, 83, 84, 87, 90, 91, 93, 95, 97, 98, 99, 100, 101, 102, 103, 104, 105, 106, 107, 109, 110, 111, 112, 114, 115, 118, 120, 121, 123, 124, 125, 128, 129, 133, 134, 135, 137, 138, 139, 140, 141, 144, 145, 146, 150, 151, 153, 154, 156, 157, 159, 160, 164, 166, 168, 171, 173, 174, 175, 176, 177, 178, 179, 180, 182, 183, 185, 186, 187, 190, 191, 192, 194, 195, 196, 197, 198, 199, 200, 202]; 131; 601;
grigio; [0, 1, 13, 15, 16, 17, 20, 22, 23, 24, 25, 29, 33, 37, 38, 39, 42, 45, 48, 49, 50, 55, 60, 61, 63, 65, 66, 67, 68, 69, 71, 72, 73, 83, 90, 91, 93, 95, 97, 99, 100, 101, 102, 103, 104, 105, 106, 107, 110, 111, 112, 118, 120, 121, 123, 129, 134, 137, 138, 139, 140, 141, 144, 145, 151, 154, 157, 164, 166, 171, 173, 175, 176, 177, 178, 179, 183, 185, 186, 190, 192, 194, 195, 196, 197, 198, 200, 202]; 88; 298;
sangiov; [0, 1, 6, 8, 9, 10, 13, 14, 15, 16, 17, 20, 24, 25, 29, 33, 34, 35, 37, 38, 42, 48, 49, 54, 60, 61, 63, 65, 68, 69, 71, 72, 73, 75, 83, 84, 90, 91, 93, 98, 99, 100, 101, 102, 106, 107, 110, 112, 115, 118, 120, 121, 124, 125, 126, 133, 134, 136, 137, 138, 140, 146, 150, 151, 157, 159, 160, 168, 171, 173, 176, 177, 179, 180, 182, 183, 185, 186, 190, 192, 195, 197, 198, 200, 202]; 85; 387;
blanc; [0, 1, 6, 8, 9, 10, 11, 12, 13, 14, 15, 16, 17, 18, 19, 20, 21, 22, 23, 24, 25, 26, 29, 33, 34, 36, 37, 38, 39, 41, 42, 45, 46, 47, 48, 49, 50, 53, 54, 55, 59, 60, 61, 62, 63, 64, 65, 66, 67, 68, 69, 71, 72, 73, 74, 75, 77, 79, 83, 84, 86, 87, 88, 89, 90, 91, 92, 93, 95, 97, 98, 99, 100, 101, 102, 103, 104, 105, 106, 107, 110, 111, 112, 113, 115, 117, 118, 120, 121, 122, 123, 124, 125, 128, 129, 131, 133, 134, 135, 137, 138, 139, 140, 141, 144, 145, 146, 150, 151, 154, 156, 157, 158, 159, 160, 161, 162, 164, 166, 168, 171, 172, 173, 174, 175, 176, 177, 178, 179, 180, 182, 183, 185, 186, 190, 191, 192, 194, 195, 196, 197, 198, 199, 200, 202]; 145; 686;
tempranillo; [0, 1, 6, 8, 9, 10, 11, 12, 13, 14, 15, 16, 17, 19, 20, 22, 23, 24, 25, 29, 30, 33, 34, 36, 37, 38, 39, 40, 42, 45, 46, 47, 48, 49, 50, 52, 54, 55, 60, 61, 63, 65, 66, 67, 68, 69, 70, 71, 72, 73, 75, 79, 83, 84, 85, 86, 88, 90, 91, 92, 93, 95, 97, 98, 99, 100, 101, 102, 103, 104, 105, 106, 107, 109, 110, 111, 112, 113, 115, 117, 118, 120, 121, 122, 123, 124, 125, 129, 131, 133, 134, 137, 138, 139, 140, 141, 144, 145, 146, 150, 151, 154, 157, 158, 159, 160, 161, 162, 164, 166, 168, 171, 172, 173, 175, 176, 177, 178, 179, 180, 182, 183, 185, 186, 190, 192, 194, 195, 196, 197, 198, 199, 200, 201, 202]; 135; 517;
franc; [0, 1, 6, 8, 9, 10, 13, 14, 15, 16, 17, 20, 24, 25, 29, 33, 34, 37, 38, 40, 42, 48, 49, 54, 60, 61, 63, 65, 67, 68, 69, 71, 72, 73, 75, 83, 84, 85, 90, 91, 93, 97, 98, 99, 100, 101, 102, 104, 105, 106, 107, 110, 111, 112, 115, 118, 120, 121, 124, 125, 126, 133, 134, 137, 138, 140, 145, 150, 151, 151, 154, 157, 159, 160, 164, 168, 171, 173, 176, 177, 178, 179, 180, 182, 183, 185, 186, 190, 192, 195, 197, 198, 200, 202]; 94; 426;
toda; [0, 1, 6, 8, 9, 10, 11, 12, 13, 14, 15, 16, 17, 19, 20, 24, 25, 29, 32, 33, 34, 35, 36, 37, 38, 42, 46, 47, 48, 49, 53, 54, 60, 61, 63, 65, 68, 69, 71, 72, 73, 75, 79, 83, 84, 86, 88, 90, 91, 92, 93, 98, 99, 100, 101, 106, 107, 110, 112, 113, 115, 117, 118, 120, 121, 122, 123, 124, 125, 126, 131, 133, 134, 137, 138, 140, 143, 149, 150, 151, 152, 155, 157, 158, 159, 160, 161, 162, 163, 168, 169, 171, 172, 173, 176, 177, 179, 180, 181, 182, 183, 185, 186, 187, 190, 192, 193, 195, 197, 198, 199, 200, 202]; 113; 324;
mai; [0, 1, 2, 3, 4, 5, 6, 7, 8, 9, 10, 11, 12, 13, 14, 15, 16, 17, 18, 19, 20, 21, 22, 23, 24, 25, 26, 27, 28, 29, 30, 31, 32, 33, 34, 35, 36, 37, 38, 39, 40, 41, 42, 43, 44, 45, 46, 47, 48, 49, 50, 51, 52, 53, 54, 55, 56, 57, 58, 59, 60, 61, 62, 63, 64, 65, 66, 67, 68, 69, 70, 71, 72, 73, 74, 75, 76, 77, 78, 79, 80, 81, 82, 83, 84, 85, 86, 87, 88, 89, 90, 91, 92, 93, 94, 95, 96, 97, 98, 99, 100, 101, 102, 103, 104, 105, 106, 107, 108, 109, 110, 111, 112, 113, 114, 115, 116, 117, 118, 119, 120, 121, 122, 123, 124, 125, 126, 127, 128, 129, 130, 131, 132, 133, 134, 135, 136, 137, 138, 139, 140, 141, 142, 143, 144, 145, 146, 147, 149, 150, 151, 152, 153, 154, 155, 156, 157, 158, 159, 160, 161, 162, 163, 164, 165, 166, 167, 168, 169, 170, 171, 172, 173, 174, 175, 176, 177, 178, 179, 180, 181, 182, 183, 184, 185, 186, 187, 188, 189, 190, 191, 192, 193, 194, 195, 196, 197, 198, 199, 200, 201, 202]; 202; 3861;
pontuado; [0, 1, 11, 12, 13, 15, 16, 17, 19, 20, 22, 23, 24, 25, 29, 33, 36, 37, 38, 39, 42, 45, 46, 47, 48, 49, 50, 55, 60, 61, 63, 65, 66, 67, 68, 69, 71, 72, 73, 79, 83, 86, 88, 90, 91, 92, 93, 95, 97, 99, 100, 101, 103, 106, 107, 110, 112, 113, 117, 118, 120, 121, 122, 123, 129, 131, 134, 137, 138, 139, 140, 141, 144, 151, 157, 158, 161, 162, 166, 171, 172, 173, 175, 176, 177, 179, 183, 185, 186, 190, 192, 194, 195, 196, 197, 198, 199, 200, 202]; 99; 629;
grand; [0, 1, 7, 11, 12, 15, 16, 17, 19, 20, 25, 29, 33, 35, 36, 37, 38, 39, 42, 44, 46, 47, 48, 49, 54, 58, 60, 61, 63, 64, 65, 68, 69, 71, 72, 73, 79, 83, 84, 86, 88, 90, 91, 92, 93, 101, 102, 106, 107, 110, 112, 113, 117, 118, 120, 121, 122, 123, 126, 131, 134, 138, 143, 144, 146, 148, 151, 156, 157, 158, 159, 161, 162, 166, 167, 171, 172, 173, 177, 179, 181, 185, 187, 192, 194, 195, 197, 198, 199, 202]; 90; 775;
vinho; [0, 1, 2, 3, 4, 5, 6, 7, 8, 9, 10, 11, 12, 13, 14, 15, 16, 17, 18, 19, 20, 21, 22, 23, 24, 25, 26, 27, 28, 29, 30, 31, 32, 33, 34, 35, 36, 37, 38, 39, 40, 41, 42, 43, 44, 45, 46, 47, 48, 49, 50, 51, 52, 53, 54, 55, 56, 57, 58, 59, 60, 61, 62, 63, 64, 65, 66, 67, 68, 69, 70, 71, 72, 73, 74, 75, 76, 77, 78, 79, 80, 81, 82, 83, 84, 85, 86, 87, 88, 89, 90, 91, 92, 93, 94, 95, 96, 97, 98, 99, 100, 101, 102, 103, 104, 105, 106, 107, 108, 109, 110, 111, 112, 113, 114, 115, 116, 117, 118, 119, 120, 121, 122, 123, 124, 125, 126, 127, 128, 129, 130, 131, 132, 133, 134, 135, 136, 137, 138, 139, 140, 141, 142, 143, 144, 145, 146, 147, 148, 149, 150, 151, 152, 153, 154, 155, 156, 157, 158, 159, 160, 161, 162, 163, 164, 165, 166, 167, 168, 169, 170, 171, 172, 173, 174, 175, 176, 177, 178, 179, 180, 181, 182, 183, 184, 185, 186, 187, 188, 189, 190, 191, 192, 193, 194, 195, 195, 196, 197, 198, 199, 200, 201, 202]; 204; 11387;
mundo; [0, 1, 6, 8, 9, 10, 11, 12, 14, 15, 19, 20, 29, 30, 32, 33, 34, 35, 36, 38, 44, 45, 46, 49, 50, 54, 55, 58, 60, 61, 63, 65, 68, 69, 71, 72, 74, 75, 83, 84, 90, 91, 93, 98, 101, 102, 104, 106, 107, 110, 112, 115, 117, 118, 120, 121, 123, 124, 125, 127, 128, 132, 133, 134, 138, 144, 146, 150, 151, 157, 159, 160, 164, 166, 168, 177, 178, 179, 180, 181, 182, 185, 187, 192, 195, 197, 198, 202]; 88; 479;
acessório; [0, 1, 3, 6, 8, 9, 10, 14, 15, 20, 28, 29, 30, 31, 32, 33, 34, 35, 38, 43, 44, 49, 51, 52, 54, 58, 60, 61, 63, 65, 68, 69, 70, 71, 72, 75, 76, 78, 80, 81, 82, 83, 84, 89, 90, 91, 93, 94, 96, 98, 101, 102, 106, 107, 109, 110, 112, 115, 118, 120, 121, 124, 125, 126, 130, 133, 134, 136, 138, 146, 147, 148, 150, 151, 152, 153, 157, 159, 160, 163, 167, 168, 170, 177, 179, 180, 181, 182, 184, 188, 189, 191, 192, 195, 197, 198, 201, 202]; 98; 470;
outro; [0, 1, 3, 15, 18, 20, 21, 26, 28, 29, 33, 38, 43, 46, 48, 49, 52, 53, 59, 60, 61, 62, 63, 64, 65, 67, 68, 69, 71, 72, 74, 77, 78, 80, 81, 82, 83, 87, 90, 91, 93, 94, 96, 97, 101, 104, 105, 106, 107, 109, 110, 111, 112, 117, 118, 119, 120, 121, 126, 128, 134, 135, 138, 145, 146, 147, 148, 151, 154, 156, 157, 163, 164, 167, 170, 173, 174, 177, 178, 179, 181, 184, 187, 191, 192, 195, 197, 198, 199, 202]; 90; 238;
somm; [0, 6, 8, 9, 10, 11, 12, 14, 15, 18, 19, 21, 22, 23, 26, 29, 30, 31, 32, 33, 34, 35, 36, 38, 39, 44, 45, 46, 47, 49, 50, 51, 53, 54, 55, 58, 59, 62, 63, 64, 66, 67, 69, 70, 71, 74, 75, 76, 77, 79, 83, 84, 86, 87, 88, 89, 92, 95, 97, 98, 102, 103, 112, 113, 115, 117, 118, 120, 122, 123, 124, 125, 129, 130, 131, 133, 134, 136, 138, 139, 141, 143, 144, 150, 151, 152, 153, 157, 158, 159, 160, 161, 162, 166, 168, 171, 172, 175, 180, 181, 182, 188, 189, 192, 194, 196, 198, 199, 201]; 109; 278;
present; [0, 2, 4, 5, 7, 11, 12, 15, 18, 19, 21, 26, 27, 29, 33, 36, 38, 40, 41, 46, 47, 49, 53, 54, 56, 57, 59, 62, 63, 64, 69, 71, 74, 77, 79, 83, 85, 86, 87, 88, 92, 104, 105, 108, 111, 112, 113, 114, 116, 117, 118, 119, 120, 122, 126, 127, 128, 131, 132, 134, 135, 138, 142, 143, 145, 150, 151, 154, 155, 156, 157, 158, 161, 162, 163, 164, 165, 167, 171, 172, 174, 178, 181, 187, 191, 192, 193, 198, 199]; 89; 450;
por; [0, 1, 3, 4, 5, 6, 8, 9, 10, 11, 12, 13, 14, 15, 16, 18, 19, 20, 21, 22, 23, 24, 25, 26, 28, 29, 30, 31, 32, 33, 34, 35, 36, 37, 38, 39, 42, 43, 44, 45, 46, 47, 48, 49, 50, 52, 53, 54, 55, 58, 59, 60, 61, 62, 63, 64, 65, 66, 67, 68, 69, 71, 72, 73, 74, 75, 76, 77, 78, 79, 80, 81, 82, 83, 84, 86, 87, 88, 89, 90, 91, 92, 93, 94, 95, 96, 97, 98, 99, 100, 101, 102, 103, 104, 105, 106, 107, 108, 109, 110, 111, 112, 113, 114, 115, 116, 117, 118, 120, 121, 122, 123, 124, 125, 126, 127, 128, 129, 130, 131, 132, 133, 134, 135, 136, 137, 138, 139, 140, 141, 143, 144, 145, 146, 147, 149, 150, 151, 153, 154, 155, 156, 157, 158, 159, 160, 161, 162, 163, 164, 166, 167, 168, 169, 170, 171, 172, 173, 174, 175, 176, 177, 178, 179, 180, 181, 182, 183, 184, 185, 186, 187, 188, 189, 190, 191, 192, 193, 194, 195, 196, 197, 198, 199, 200, 201, 202]; 187; 1569;
r$; [0, 2, 3, 4, 5, 6, 7, 8, 9, 10, 11, 12, 13, 14, 15, 16, 17, 18, 19, 21, 22, 23, 24, 25, 26, 27, 28, 29, 33, 34, 36, 37, 38, 39, 40, 41, 42, 43, 45, 46, 47, 48, 49, 50, 52, 53, 54, 55, 56, 57, 59, 62, 63, 64, 66, 67, 69, 71, 73, 74, 75, 77, 78, 79, 80, 81, 82, 83, 84, 85, 86, 87, 88, 89, 92, 94, 95, 96, 97, 98, 99, 100, 103, 104, 105, 108, 109, 111, 112, 113, 114, 115, 116, 117, 118, 119, 120, 122, 123, 124, 125, 126, 127, 128, 129, 131, 132, 133, 134, 135, 137, 138, 139, 140, 141, 142, 144, 145, 146, 147, 148, 150, 151, 154, 155, 156, 157, 158, 159, 160, 161, 162, 163, 164, 165, 166, 167, 168, 170, 171, 172, 173, 174, 175, 176, 178, 180, 181, 182, 183, 184, 185, 186, 190, 191, 192, 193, 194, 196, 198, 199, 200]; 162; 3599;
acima; [0, 1, 3, 6, 8, 9, 10, 11, 12, 13, 14, 15, 16, 17, 18, 19, 20, 21, 22, 23, 24, 25, 26, 28, 29, 33, 34, 35, 36, 37, 38, 39, 42, 43, 45, 46, 47, 48, 49, 50, 51, 52, 53, 54, 55, 58, 59, 60, 61, 62, 63, 64, 65, 66, 67, 68, 69, 71, 72, 73, 74, 75, 77, 78, 79, 80, 81, 82, 83, 84, 86, 87, 88, 90, 91, 92, 93, 94, 95, 96, 97, 98, 99, 100, 101, 103, 104, 105, 106, 107, 109, 110, 111, 112, 113, 115, 117, 118, 120, 121, 122, 123, 124, 125, 126, 128, 129, 131, 133, 134, 135, 136, 137, 138, 139, 140, 141, 144, 145, 146, 147, 150, 151, 154, 156, 157, 158, 159, 160, 161, 162, 163, 164, 166, 167, 168, 169, 170, 171, 172, 173, 174, 175, 176, 177, 178, 179, 180, 181, 182, 183, 184, 185, 186, 190, 191, 192, 194, 195, 196, 197, 198, 199, 200, 201, 202]; 166; 421;
kit; [0, 1, 2, 4, 5, 6, 7, 8, 9, 10, 14, 15, 20, 22, 23, 27, 29, 30, 31, 32, 33, 34, 35, 38, 39, 40, 41, 44, 45, 49, 50, 51, 54, 55, 56, 57, 58, 60, 61, 63, 65, 66, 67, 68, 69, 70, 71, 72, 75, 76, 83, 84, 85, 89, 90, 91, 93, 95, 97, 98, 101, 102, 103, 104, 105, 106, 107, 108, 109, 110, 111, 112, 114, 115, 116, 118, 119, 120, 121, 123, 124, 125, 126, 127, 129, 130, 132, 133, 134, 135, 136, 138, 139, 141, 142, 144, 145, 150, 151, 152, 153, 154, 155, 156, 157, 159, 160, 161, 162, 163, 164, 165, 166, 167, 168, 172, 174, 175, 177, 178, 179, 180, 182, 188, 189, 191, 192, 193, 194, 195, 196, 197, 198, 201, 202]; 135; 692;
premiado; [0, 1, 6, 8, 9, 10, 14, 15, 18, 20, 21, 26, 29, 33, 34, 38, 49, 53, 54, 59, 60, 61, 62, 63, 64, 65, 68, 69, 71, 72, 74, 75, 77, 83, 84, 87, 90, 91, 93, 98, 101, 104, 105, 106, 107, 110, 111, 112, 115, 118, 120, 121, 124, 125, 128, 133, 134, 135, 138, 145, 150, 151, 154, 156, 157, 159, 160, 164, 168, 174, 177, 178, 179, 180, 181, 182, 191, 192, 195, 197, 198, 202]; 82; 187;
minha; [0, 1, 3, 6, 8, 9, 10, 11, 12, 13, 14, 15, 16, 17, 18, 19, 20, 21, 24, 25, 26, 28, 29, 30, 31, 32, 33, 34, 35, 36, 37, 38, 42, 43, 44, 46, 47, 48, 49, 51, 52, 53, 54, 58, 59, 60, 61, 62, 63, 64, 65, 68, 69, 70, 71, 72, 73, 74, 75, 76, 77, 78, 79, 80, 81, 82, 83, 84, 86, 87, 88, 89, 90, 91, 92, 93, 94, 96, 98, 99, 100, 101, 102, 104, 105, 106, 107, 109, 110, 111, 112, 113, 115, 117, 118, 120, 121, 122, 124, 125, 126, 128, 130, 131, 133, 134, 135, 136, 137, 138, 140, 145, 146, 147, 150, 151, 152, 153, 154, 156, 157, 158, 159, 160, 161, 162, 163, 164, 167, 168, 170, 171, 172, 173, 174, 176, 177, 178, 179, 180, 181, 182, 183, 184, 185, 186, 188, 189, 190, 191, 192, 195, 197, 198, 199, 200, 201, 202]; 158; 319;
conta; [0, 1, 3, 6, 8, 9, 10, 13, 14, 15, 16, 17, 18, 20, 21, 24, 25, 26, 28, 29, 30, 31, 32, 33, 34, 35, 37, 38, 42, 43, 44, 48, 49, 51, 52, 53, 54, 58, 59, 60, 61, 62, 63, 64, 65, 68, 69, 70, 71, 72, 73, 74, 75, 76, 77, 78, 80, 81, 82, 83, 84, 87, 89, 90, 91, 93, 94, 96, 98, 99, 100, 101, 102, 104, 105, 106, 107, 109, 110, 111, 112, 115, 118, 120, 121, 124, 125, 126, 128, 130, 131, 133, 134, 135, 136, 137, 138, 140, 145, 146, 147, 150, 151, 152, 153, 154, 156, 157, 159, 160, 163, 164, 167, 168, 170, 173, 174, 176, 177, 178, 179, 180, 181, 182, 183, 184, 185, 186, 188, 189, 190, 191, 192, 195, 197, 198, 200, 201, 202]; 139; 327;
nossa; [0, 1, 2, 3, 4, 5, 6, 7, 8, 9, 10, 11, 12, 14, 15, 19, 20, 22, 23, 27, 28, 29, 33, 34, 36, 38, 39, 40, 41, 43, 45, 46, 47, 49, 50, 52, 54, 55, 56, 57, 59, 60, 61, 63, 64, 65, 66, 67, 68, 69, 71, 72, 75, 78, 79, 80, 81, 82, 83, 84, 85, 86, 87, 88, 90, 91, 92, 93, 94, 95, 96, 97, 98, 101, 103, 106, 107, 108, 109, 110, 112, 113, 114, 115, 116, 117, 118, 119, 120, 121, 122, 123, 124, 125, 126, 127, 129, 131, 132, 133, 134, 138, 139, 141, 142, 143, 144, 146, 147, 149, 150, 151, 152, 155, 157, 158, 159, 160, 161, 162, 163, 165, 166, 167, 168, 169, 170, 171, 172, 175, 177, 179, 180, 181, 182, 184, 185, 187, 192, 193, 194, 195, 196, 197, 198, 199, 200, 201, 202]; 149; 311;
cooki; [0, 3, 11, 12, 13, 15, 16, 17, 18, 19, 21, 24, 25, 26, 28, 29, 33, 36, 37, 38, 42, 43, 46, 47, 48, 49, 52, 53, 59, 62, 63, 64, 69, 71, 73, 74, 77, 78, 79, 80, 81, 82, 83, 86, 87, 88, 92, 94, 96, 99, 100, 104, 105, 109, 111, 112, 113, 117, 118, 120, 122, 126, 128, 131, 134, 135, 137, 138, 140, 145, 146, 147, 151, 154, 156, 157, 158, 161, 162, 164, 167, 169, 170, 171, 172, 173, 174, 176, 178, 181, 183, 184, 185, 186, 187, 190, 191, 192, 198, 199, 200]; 101; 264;
com; [0, 1, 2, 3, 4, 5, 6, 7, 8, 9, 10, 11, 12, 13, 14, 15, 16, 17, 18, 19, 20, 21, 22, 23, 24, 25, 26, 27, 28, 29, 30, 31, 32, 33, 34, 35, 36, 37, 38, 39, 40, 41, 42, 43, 44, 45, 46, 47, 48, 49, 50, 51, 52, 53, 54, 55, 56, 57, 58, 59, 60, 61, 62, 63, 64, 65, 66, 67, 68, 69, 70, 71, 72, 73, 74, 75, 76, 77, 78, 79, 80, 81, 82, 83, 84, 85, 86, 87, 88, 89, 90, 91, 92, 93, 94, 95, 96, 97, 98, 99, 100, 101, 102, 103, 104, 105, 106, 107, 108, 109, 110, 111, 112, 113, 114, 115, 116, 117, 118, 119, 120, 121, 122, 123, 124, 125, 126, 127, 128, 129, 130, 131, 132, 133, 134, 135, 136, 137, 138, 139, 140, 141, 142, 143, 144, 145, 146, 147, 148, 149, 150, 151, 152, 153, 154, 155, 156, 157, 158, 159, 160, 161, 162, 163, 164, 165, 166, 167, 168, 169, 170, 171, 172, 173, 174, 175, 176, 177, 178, 179, 180, 181, 182, 183, 184, 185, 186, 187, 188, 189, 190, 191, 192, 193, 194, 195, 196, 197, 198, 199, 200, 201, 202]; 203; 2060;
política; [0, 1, 2, 3, 4, 5, 6, 7, 8, 9, 10, 11, 12, 14, 15, 18, 19, 20, 21, 22, 23, 26, 27, 28, 29, 30, 31, 32, 33, 34, 35, 36, 38, 39, 40, 41, 43, 44, 45, 46, 47, 49, 50, 51, 52, 53, 54, 55, 56, 57, 58, 59, 60, 61, 62, 63, 64, 65, 66, 67, 68, 69, 70, 71, 72, 74, 75, 76, 77, 78, 79, 80, 81, 82, 83, 84, 85, 86, 87, 88, 89, 90, 91, 92, 93, 94, 95, 96, 97, 98, 101, 102, 103, 104, 105, 106, 107, 108, 109, 110, 111, 112, 113, 114, 115, 116, 117, 118, 119, 120, 121, 122, 123, 124, 125, 126, 127, 128, 129, 130, 131, 132, 133, 134, 135, 136, 138, 139, 141, 142, 144, 145, 146, 147, 150, 151, 152, 153, 154, 155, 156, 157, 158, 159, 160, 161, 162, 163, 164, 165, 166, 167, 168, 169, 170, 171, 172, 174, 175, 177, 178, 179, 180, 181, 182, 184, 187, 188, 189, 191, 192, 193, 194, 195, 196, 197, 198, 199, 201, 202]; 180; 774;
privacidad; [0, 1, 2, 3, 4, 5, 6, 7, 8, 9, 10, 11, 12, 14, 15, 18, 19, 20, 21, 22, 23, 26, 27, 28, 29, 30, 31, 32, 33, 34, 35, 36, 38, 39, 40, 41, 43, 44, 45, 46, 47, 49, 50, 51, 52, 53, 54, 55, 56, 57, 58, 59, 60, 61, 62, 63, 64, 65, 66, 67, 68, 69, 70, 71, 72, 74, 75, 76, 77, 78, 79, 80, 81, 82, 83, 84, 85, 86, 87, 88, 89, 90, 91, 92, 93, 94, 95, 96, 97, 98, 101, 102, 103, 104, 105, 106, 107, 108, 109, 110, 111, 112, 113, 114, 115, 116, 117, 118, 119, 120, 121, 122, 123, 124, 125, 126, 127, 128, 129, 130, 131, 132, 133, 134, 135, 136, 138, 139, 141, 142, 144, 145, 146, 147, 150, 151, 152, 153, 154, 155, 156, 157, 158, 159, 160, 161, 162, 163, 164, 165, 166, 167, 168, 169, 170, 171, 172, 174, 175, 177, 178, 179, 180, 181, 182, 184, 185, 187, 188, 189, 191, 192, 193, 194, 195, 196, 197, 198, 199, 201, 202]; 181; 623;
750ml; [0, 1, 2, 4, 5, 6, 7, 8, 9, 10, 11, 12, 13, 14, 15, 16, 17, 19, 20, 22, 23, 24, 25, 27, 29, 33, 34, 36, 37, 38, 39, 40, 41, 42, 45, 46, 48, 49, 50, 54, 55, 56, 57, 60, 63, 66, 67, 68, 69, 71, 72, 73, 75, 83, 84, 85, 86, 88, 90, 91, 95, 97, 98, 99, 100, 108, 113, 114, 115, 116, 119, 124, 125, 127, 132, 133, 137, 138, 140, 142, 150, 151, 155, 156, 157, 159, 160, 162, 165, 168, 172, 173, 176, 182, 183, 185, 186, 190, 192, 193, 199, 200]; 102; 927;
comprar; [0, 1, 2, 2, 3, 4, 4, 5, 5, 7, 7, 11, 12, 13, 15, 16, 17, 19, 20, 22, 23, 24, 25, 27, 27, 28, 29, 33, 35, 36, 37, 38, 39, 40, 40, 41, 41, 42, 43, 45, 46, 47, 48, 49, 50, 51, 52, 55, 56, 56, 57, 57, 58, 60, 61, 63, 65, 66, 67, 68, 69, 71, 72, 73, 78, 79, 80, 81, 82, 83, 85, 85, 86, 88, 90, 91, 92, 93, 94, 95, 96, 97, 99, 100, 101, 103, 106, 107, 108, 108, 109, 110, 112, 113, 114, 114, 116, 116, 117, 119, 119, 121, 122, 123, 126, 127, 127, 129, 131, 132, 132, 134, 136, 137, 138, 139, 140, 141, 142, 142, 144, 146, 147, 151, 155, 155, 157, 158, 161, 162, 165, 165, 166, 167, 170, 171, 172, 173, 175, 176, 177, 179, 181, 183, 184, 185, 186, 190, 192, 193, 193, 194, 195, 196, 197, 198, 199, 200, 201, 202]; 160; 2359;
sobr; [0, 1, 3, 6, 8, 9, 10, 11, 12, 13, 14, 15, 16, 17, 19, 20, 22, 23, 24, 25, 28, 29, 30, 31, 32, 33, 34, 35, 36, 37, 38, 39, 42, 43, 44, 45, 46, 47, 48, 49, 50, 51, 52, 54, 55, 58, 60, 61, 63, 65, 66, 67, 68, 69, 70, 71, 72, 73, 75, 76, 78, 79, 80, 81, 82, 83, 84, 86, 88, 89, 90, 91, 92, 93, 94, 95, 96, 97, 98, 99, 100, 101, 102, 103, 106, 107, 109, 110, 112, 113, 115, 117, 118, 120, 121, 122, 123, 124, 125, 126, 128, 129, 130, 131, 133, 134, 136, 137, 138, 139, 140, 141, 143, 144, 146, 147, 149, 150, 151, 152, 153, 157, 158, 159, 160, 161, 162, 163, 166, 167, 168, 169, 170, 171, 172, 173, 175, 176, 177, 179, 180, 181, 182, 183, 184, 185, 186, 187, 188, 189, 190, 192, 194, 195, 196, 197, 198, 199, 200, 201, 202]; 161; 441;
melhor; [0, 1, 11, 13, 15, 16, 17, 18, 20, 21, 24, 25, 26, 29, 33, 36, 37, 38, 42, 44, 45, 46, 48, 49, 53, 59, 60, 61, 62, 63, 64, 65, 68, 69, 71, 72, 73, 74, 77, 83, 87, 90, 91, 93, 99, 100, 101, 104, 105, 106, 107, 109, 110, 111, 112, 114, 115, 117, 118, 120, 121, 122, 123, 126, 128, 129, 134, 135, 137, 138, 140, 141, 143, 144, 145, 146, 148, 149, 151, 154, 155, 156, 157, 159, 164, 166, 169, 170, 173, 174, 176, 177, 178, 179, 180, 181, 183, 185, 186, 187, 190, 191, 192, 193, 195, 197, 198, 199, 200, 201, 202]; 111; 522;
foi; [0, 1, 2, 3, 4, 5, 7, 11, 12, 15, 19, 20, 23, 25, 27, 28, 35, 36, 37, 40, 41, 43, 44, 45, 46, 47, 50, 52, 56, 57, 60, 61, 65, 67, 68, 72, 77, 78, 79, 80, 81, 82, 83, 85, 86, 88, 90, 91, 92, 93, 94, 96, 101, 103, 106, 107, 108, 110, 113, 114, 116, 117, 119, 120, 121, 122, 123, 127, 131, 132, 141, 142, 143, 144, 146, 155, 158, 161, 162, 164, 165, 166, 171, 172, 177, 179, 181, 187, 192, 193, 195, 197, 199, 202]; 94; 200;
um; [0, 1, 2, 4, 5, 6, 7, 8, 9, 10, 11, 12, 13, 14, 15, 16, 17, 18, 19, 20, 21, 22, 25, 26, 27, 29, 30, 31, 32, 33, 34, 36, 37, 38, 39, 40, 41, 42, 45, 46, 47, 48, 49, 50, 53, 54, 55, 56, 57, 58, 59, 60, 61, 63, 64, 65, 66, 67, 68, 69, 70, 71, 72, 73, 74, 75, 79, 83, 84, 85, 86, 87, 88, 90, 91, 92, 93, 95, 97, 98, 99, 101, 103, 106, 107, 108, 110, 111, 112, 113, 114, 115, 116, 117, 119, 120, 121, 122, 123, 124, 125, 126, 127, 129, 131, 132, 133, 138, 142, 143, 144, 145, 146, 147, 149, 150, 151, 152, 155, 156, 158, 159, 160, 161, 162, 163, 164, 165, 166, 167, 168, 169, 171, 172, 173, 177, 178, 179, 180, 181, 182, 187, 191, 192, 193, 194, 195, 197, 198, 199, 202]; 151; 1061;
uma; [0, 1, 3, 4, 8, 10, 11, 12, 13, 15, 16, 17, 19, 20, 21, 22, 23, 24, 25, 26, 28, 32, 33, 36, 37, 39, 42, 43, 44, 45, 46, 47, 48, 49, 50, 52, 54, 55, 57, 58, 59, 60, 61, 63, 64, 65, 66, 67, 68, 69, 71, 72, 73, 74, 75, 77, 78, 79, 80, 81, 82, 83, 85, 86, 88, 90, 91, 92, 93, 94, 95, 96, 97, 99, 100, 101, 103, 104, 106, 107, 109, 110, 112, 113, 117, 120, 121, 122, 123, 126, 128, 129, 131, 133, 137, 138, 139, 140, 141, 143, 144, 145, 146, 147, 149, 150, 151, 153, 154, 156, 158, 159, 161, 162, 163, 164, 165, 166, 167, 169, 170, 171, 172, 173, 174, 175, 176, 177, 179, 181, 183, 184, 185, 186, 187, 190, 192, 194, 195, 196, 197, 198, 199, 200, 201, 202]; 146; 555;
às; [0, 1, 6, 8, 9, 10, 14, 20, 22, 23, 30, 31, 32, 34, 35, 39, 44, 45, 50, 51, 54, 55, 58, 60, 61, 65, 66, 67, 68, 70, 72, 75, 76, 83, 84, 89, 90, 91, 93, 95, 97, 98, 101, 102, 103, 106, 107, 110, 115, 117, 120, 121, 123, 124, 125, 129, 130, 133, 134, 136, 139, 141, 144, 150, 152, 153, 159, 160, 163, 166, 168, 175, 177, 179, 180, 181, 182, 188, 189, 194, 195, 196, 197, 201, 202]; 85; 135;
que; [0, 1, 4, 6, 7, 8, 9, 10, 11, 12, 14, 15, 17, 18, 19, 20, 21, 22, 23, 25, 26, 27, 29, 30, 31, 32, 33, 34, 35, 36, 37, 38, 39, 44, 45, 46, 47, 48, 49, 50, 51, 53, 54, 55, 57, 58, 59, 60, 61, 63, 64, 65, 66, 67, 68, 69, 70, 71, 72, 73, 74, 75, 77, 79, 83, 84, 85, 86, 87, 88, 89, 90, 91, 92, 93, 95, 97, 98, 101, 102, 103, 105, 106, 107, 108, 110, 111, 112, 113, 115, 117, 118, 119, 120, 121, 122, 123, 124, 125, 126, 128, 129, 131, 133, 134, 136, 138, 139, 141, 143, 144, 145, 146, 148, 149, 150, 151, 154, 156, 157, 158, 159, 160, 161, 162, 163, 164, 165, 166, 167, 168, 169, 170, 171, 172, 173, 175, 177, 178, 179, 180, 181, 182, 187, 192, 194, 195, 196, 197, 198, 199, 201, 202]; 153; 984;
não; [0, 1, 2, 3, 4, 5, 6, 7, 8, 9, 10, 11, 12, 13, 14, 15, 16, 17, 18, 19, 20, 21, 22, 23, 24, 25, 26, 27, 28, 29, 30, 31, 32, 33, 34, 35, 36, 37, 38, 39, 40, 41, 42, 43, 44, 45, 46, 47, 48, 49, 50, 51, 52, 53, 54, 55, 56, 57, 58, 59, 60, 61, 62, 63, 64, 65, 66, 67, 68, 69, 70, 71, 72, 73, 74, 75, 76, 77, 78, 79, 80, 81, 82, 83, 84, 85, 86, 87, 88, 89, 90, 91, 92, 93, 94, 95, 96, 97, 98, 99, 100, 101, 102, 103, 104, 105, 106, 107, 108, 109, 110, 111, 112, 113, 114, 115, 116, 117, 118, 119, 120, 121, 122, 123, 124, 125, 126, 127, 128, 129, 130, 131, 132, 133, 134, 135, 136, 137, 138, 139, 140, 141, 142, 143, 144, 145, 146, 147, 148, 150, 151, 152, 153, 154, 155, 156, 157, 158, 159, 160, 161, 162, 163, 164, 165, 166, 167, 168, 169, 170, 171, 172, 173, 174, 175, 176, 177, 178, 179, 180, 181, 182, 183, 184, 185, 186, 187, 188, 189, 190, 191, 192, 193, 194, 195, 196, 197, 198, 199, 200, 201, 202]; 202; 907;
harmonização; [0, 1, 6, 7, 8, 9, 10, 11, 12, 13, 14, 15, 17, 18, 19, 20, 21, 22, 23, 24, 25, 26, 29, 31, 33, 34, 36, 37, 38, 39, 40, 41, 42, 45, 46, 47, 48, 49, 50, 53, 54, 55, 57, 59, 60, 61, 62, 63, 64, 65, 66, 67, 68, 69, 72, 73, 74, 75, 77, 79, 84, 85, 86, 87, 88, 90, 91, 92, 93, 95, 97, 98, 99, 100, 115, 124, 125, 133, 137, 138, 140, 141, 143, 145, 150, 152, 159, 160, 168, 169, 173, 176, 180, 181, 182, 183, 186, 187, 200]; 99; 310;
teor; [0, 1, 4, 5, 6, 8, 9, 10, 11, 12, 13, 14, 15, 16, 17, 18, 19, 20, 21, 22, 23, 24, 25, 26, 29, 33, 34, 36, 37, 38, 39, 42, 45, 46, 47, 48, 49, 50, 53, 54, 55, 56, 59, 60, 61, 62, 63, 64, 65, 66, 67, 68, 69, 72, 73, 74, 75, 77, 79, 84, 86, 87, 90, 91, 92, 93, 95, 97, 98, 99, 108, 115, 119, 123, 124, 125, 133, 139, 150, 159, 160, 165, 168, 180, 182, 202]; 86; 103;
alcoólico; [0, 1, 4, 5, 6, 8, 9, 10, 11, 12, 13, 14, 15, 16, 17, 18, 19, 20, 21, 22, 23, 24, 25, 26, 29, 33, 34, 36, 37, 38, 39, 42, 45, 46, 47, 48, 49, 50, 53, 54, 55, 59, 60, 61, 62, 63, 64, 65, 66, 67, 68, 69, 72, 73, 74, 75, 77, 79, 83, 84, 86, 87, 90, 91, 92, 93, 95, 97, 98, 99, 108, 115, 116, 119, 123, 124, 125, 127, 132, 133, 139, 150, 159, 160, 165, 168, 169, 180, 182, 202]; 90; 102;
ano; [0, 1, 2, 3, 4, 5, 6, 7, 8, 9, 10, 11, 12, 13, 14, 15, 16, 17, 18, 19, 20, 21, 22, 23, 24, 25, 26, 27, 28, 29, 30, 31, 32, 33, 34, 35, 36, 37, 38, 39, 40, 41, 42, 43, 44, 45, 46, 47, 48, 49, 50, 51, 52, 53, 54, 55, 56, 57, 58, 59, 60, 61, 62, 63, 64, 65, 66, 67, 68, 69, 70, 71, 72, 73, 74, 75, 76, 77, 78, 79, 80, 81, 82, 83, 84, 85, 86, 87, 88, 89, 90, 91, 92, 93, 94, 95, 96, 97, 98, 99, 100, 101, 102, 103, 104, 105, 106, 107, 108, 109, 110, 111, 112, 113, 114, 115, 116, 117, 118, 119, 120, 121, 122, 123, 124, 125, 126, 127, 128, 129, 130, 131, 132, 133, 134, 135, 136, 137, 138, 139, 140, 141, 142, 143, 144, 145, 146, 147, 148, 149, 150, 151, 152, 153, 154, 155, 156, 157, 158, 159, 160, 161, 162, 163, 164, 165, 166, 167, 168, 170, 171, 172, 173, 174, 175, 176, 177, 178, 179, 180, 181, 182, 183, 184, 185, 186, 187, 188, 189, 190, 191, 192, 193, 194, 195, 196, 197, 198, 199, 200, 201, 202]; 202; 630;
no; [0, 1, 3, 6, 8, 9, 10, 11, 12, 13, 14, 15, 16, 17, 19, 20, 22, 23, 24, 25, 27, 28, 29, 32, 33, 34, 35, 36, 37, 38, 39, 42, 43, 45, 46, 47, 48, 49, 50, 52, 54, 55, 58, 59, 60, 61, 63, 65, 66, 67, 68, 69, 70, 71, 72, 73, 74, 75, 78, 79, 80, 81, 82, 83, 84, 86, 88, 90, 91, 92, 93, 94, 95, 96, 97, 98, 99, 100, 101, 103, 106, 107, 109, 110, 112, 113, 117, 118, 119, 120, 121, 122, 123, 126, 128, 129, 131, 133, 134, 137, 138, 139, 140, 141, 143, 144, 146, 147, 148, 149, 150, 151, 152, 156, 157, 158, 159, 160, 161, 162, 163, 166, 167, 169, 170, 171, 172, 173, 175, 176, 177, 178, 179, 181, 182, 183, 184, 185, 186, 187, 190, 192, 194, 195, 196, 197, 198, 199, 200, 201, 202]; 151; 744;
novidad; [0, 1, 2, 3, 4, 5, 7, 11, 12, 15, 19, 20, 22, 23, 27, 28, 29, 33, 36, 38, 39, 40, 41, 43, 45, 46, 47, 49, 50, 52, 55, 56, 57, 60, 61, 63, 65, 66, 67, 68, 69, 71, 72, 78, 79, 80, 81, 82, 83, 85, 86, 88, 90, 91, 92, 93, 94, 95, 96, 97, 100, 101, 103, 106, 107, 108, 109, 110, 112, 113, 114, 116, 117, 118, 119, 120, 121, 122, 123, 126, 127, 129, 131, 132, 134, 137, 138, 139, 140, 141, 142, 143, 144, 146, 147, 151, 155, 157, 158, 161, 162, 165, 166, 167, 170, 171, 172, 173, 175, 176, 177, 179, 181, 183, 184, 185, 186, 190, 192, 193, 194, 195, 196, 197, 198, 199, 200, 202]; 128; 318;
promoçõ; [0, 1, 2, 4, 5, 6, 7, 8, 9, 10, 13, 14, 15, 16, 17, 20, 22, 23, 24, 25, 27, 29, 33, 34, 37, 38, 39, 40, 41, 42, 45, 48, 49, 50, 54, 55, 56, 57, 60, 61, 63, 65, 66, 67, 68, 69, 71, 72, 73, 75, 83, 84, 85, 90, 91, 93, 95, 97, 98, 99, 100, 101, 103, 104, 106, 107, 108, 110, 112, 114, 115, 116, 117, 118, 119, 120, 121, 123, 124, 125, 127, 129, 132, 133, 134, 137, 138, 139, 140, 141, 142, 144, 150, 151, 155, 157, 159, 160, 163, 165, 166, 168, 173, 175, 176, 177, 179, 180, 181, 182, 183, 185, 186, 190, 192, 193, 194, 195, 196, 197, 198, 200, 202]; 123; 353;
oferta; [0, 2, 3, 4, 5, 7, 11, 12, 15, 18, 19, 21, 22, 23, 26, 27, 28, 29, 33, 35, 36, 38, 39, 40, 41, 43, 45, 46, 47, 49, 50, 51, 52, 53, 55, 56, 57, 58, 59, 62, 63, 64, 66, 67, 69, 70, 71, 74, 77, 78, 79, 80, 81, 82, 83, 85, 86, 87, 88, 92, 94, 95, 96, 97, 103, 104, 105, 108, 109, 111, 112, 113, 114, 116, 117, 118, 119, 120, 122, 123, 126, 127, 128, 129, 131, 132, 134, 135, 136, 138, 139, 141, 142, 144, 145, 146, 147, 151, 154, 155, 156, 157, 158, 161, 162, 163, 164, 165, 166, 167, 170, 171, 172, 174, 175, 178, 181, 184, 191, 192, 193, 194, 195, 196, 198, 199, 201]; 127; 400;
muito; [0, 1, 11, 12, 15, 16, 17, 19, 20, 22, 25, 29, 33, 36, 38, 39, 42, 46, 47, 48, 49, 50, 54, 57, 59, 60, 61, 63, 65, 68, 69, 70, 71, 72, 74, 79, 83, 84, 86, 90, 91, 92, 93, 101, 104, 106, 107, 110, 111, 112, 113, 118, 120, 121, 126, 127, 129, 132, 134, 135, 138, 143, 146, 147, 149, 151, 152, 156, 157, 159, 167, 169, 177, 179, 181, 187, 192, 195, 197, 198, 199, 202]; 82; 202;
nome; [0, 1, 3, 11, 12, 14, 15, 19, 20, 21, 28, 29, 33, 34, 35, 36, 38, 43, 47, 49, 52, 53, 60, 61, 63, 65, 68, 69, 71, 72, 75, 78, 79, 80, 81, 82, 83, 86, 90, 91, 92, 93, 94, 96, 98, 100, 101, 106, 107, 109, 110, 112, 118, 120, 121, 123, 126, 134, 137, 138, 140, 143, 146, 147, 151, 152, 156, 157, 167, 170, 171, 173, 176, 177, 179, 181, 183, 184, 186, 187, 190, 192, 195, 197, 198, 200, 202]; 87; 218;
e-mail; [0, 1, 2, 3, 4, 5, 7, 11, 12, 15, 19, 20, 27, 28, 29, 33, 36, 38, 40, 41, 43, 46, 47, 49, 52, 56, 57, 60, 61, 63, 65, 68, 69, 71, 72, 78, 79, 80, 81, 82, 83, 85, 86, 88, 90, 91, 92, 93, 94, 96, 101, 102, 106, 107, 108, 109, 110, 112, 113, 114, 116, 117, 118, 119, 120, 121, 122, 126, 127, 130, 131, 132, 134, 138, 142, 143, 146, 147, 151, 153, 155, 157, 158, 161, 162, 163, 165, 167, 170, 171, 172, 177, 179, 181, 184, 188, 189, 192, 193, 195, 197, 198, 199, 201, 202]; 105; 223;
nota; [0, 1, 2, 4, 11, 12, 13, 14, 15, 18, 20, 22, 23, 25, 26, 27, 29, 32, 33, 37, 38, 39, 40, 41, 46, 48, 49, 55, 56, 58, 60, 61, 63, 65, 66, 67, 68, 69, 70, 71, 72, 73, 75, 76, 83, 84, 85, 86, 88, 90, 91, 93, 95, 97, 98, 101, 106, 107, 110, 112, 118, 120, 121, 123, 126, 134, 136, 138, 141, 146, 150, 151, 152, 157, 159, 163, 165, 167, 177, 178, 179, 181, 182, 192, 195, 197, 198, 202]; 88; 230;
pagamento; [0, 1, 2, 3, 4, 5, 7, 11, 12, 15, 18, 19, 20, 21, 26, 27, 28, 29, 33, 36, 38, 40, 41, 43, 46, 47, 49, 52, 53, 56, 57, 59, 60, 61, 62, 63, 64, 65, 68, 69, 71, 72, 74, 77, 78, 79, 80, 81, 82, 83, 85, 86, 87, 88, 90, 91, 92, 93, 94, 96, 101, 104, 105, 106, 107, 108, 109, 110, 111, 112, 113, 116, 117, 118, 119, 120, 121, 122, 126, 127, 128, 131, 132, 134, 135, 138, 142, 145, 146, 147, 148, 151, 154, 156, 157, 158, 161, 162, 163, 164, 165, 167, 170, 171, 172, 174, 177, 178, 179, 181, 184, 191, 192, 195, 197, 198, 199, 202]; 118; 205;
dúvida; [0, 1, 6, 8, 9, 10, 11, 12, 14, 15, 18, 19, 20, 21, 26, 29, 30, 31, 32, 33, 34, 35, 36, 38, 44, 46, 47, 49, 51, 53, 54, 58, 59, 60, 61, 62, 63, 64, 65, 68, 69, 70, 71, 72, 74, 75, 76, 77, 79, 83, 84, 86, 87, 88, 89, 90, 91, 92, 93, 98, 101, 102, 104, 105, 106, 107, 110, 111, 112, 113, 115, 117, 118, 120, 121, 122, 124, 125, 128, 130, 131, 133, 134, 135, 136, 138, 145, 150, 151, 152, 153, 154, 156, 157, 158, 159, 160, 161, 162, 163, 164, 168, 171, 172, 174, 177, 178, 179, 180, 181, 182, 188, 189, 191, 192, 195, 197, 198, 199, 201, 202]; 121; 181;
frete; [0, 1, 2, 3, 4, 5, 6, 7, 8, 9, 10, 11, 12, 13, 14, 15, 16, 17, 19, 20, 22, 23, 24, 25, 27, 28, 29, 30, 31, 32, 33, 34, 35, 36, 37, 38, 39, 40, 41, 42, 43, 44, 45, 46, 47, 48, 49, 50, 51, 52, 54, 55, 56, 57, 58, 60, 61, 63, 65, 66, 67, 68, 69, 70, 71, 72, 73, 75, 76, 78, 79, 80, 81, 82, 83, 84, 85, 86, 88, 89, 90, 91, 92, 93, 94, 95, 96, 97, 98, 99, 100, 102, 103, 108, 109, 112, 113, 114, 116, 117, 118, 119, 120, 122, 123, 124, 125, 126, 127, 129, 130, 131, 132, 133, 134, 136, 137, 138, 139, 140, 141, 142, 144, 146, 147, 150, 151, 152, 153, 157, 158, 159, 160, 161, 162, 163, 165, 166, 167, 168, 170, 171, 172, 173, 175, 176, 181, 182, 183, 184, 185, 186, 188, 189, 190, 192, 194, 196, 198, 199, 200, 201]; 162; 557;
termo; [0, 3, 11, 12, 15, 19, 22, 23, 28, 29, 30, 31, 32, 33, 35, 36, 38, 39, 43, 44, 45, 46, 47, 49, 50, 51, 52, 55, 58, 63, 66, 67, 69, 70, 71, 76, 78, 79, 80, 81, 82, 83, 86, 88, 89, 92, 94, 95, 96, 97, 102, 103, 109, 112, 113, 117, 118, 120, 122, 123, 126, 129, 130, 131, 134, 136, 138, 139, 141, 144, 146, 147, 151, 152, 153, 156, 157, 158, 161, 162, 163, 166, 167, 169, 170, 171, 172, 175, 181, 184, 187, 188, 189, 192, 194, 196, 198, 199, 201]; 99; 264;
cep; [0, 1, 3, 6, 8, 9, 10, 11, 12, 14, 15, 18, 19, 20, 21, 22, 23, 26, 28, 29, 33, 34, 36, 38, 39, 43, 45, 46, 47, 49, 50, 52, 53, 54, 55, 59, 60, 61, 62, 63, 64, 65, 66, 67, 68, 69, 71, 72, 74, 75, 77, 78, 79, 80, 81, 82, 83, 84, 86, 87, 88, 90, 91, 92, 93, 94, 95, 96, 97, 98, 101, 103, 104, 105, 106, 107, 109, 110, 111, 112, 113, 115, 117, 118, 120, 121, 122, 123, 124, 125, 126, 128, 129, 131, 133, 134, 135, 138, 139, 141, 144, 145, 146, 147, 148, 150, 151, 154, 156, 157, 158, 159, 160, 161, 162, 164, 166, 167, 168, 170, 171, 172, 174, 175, 177, 178, 179, 180, 181, 182, 184, 191, 192, 194, 195, 196, 197, 198, 199, 202]; 140; 323;
são; [0, 1, 2, 4, 5, 6, 7, 8, 9, 10, 11, 12, 13, 14, 15, 16, 17, 18, 19, 20, 24, 25, 27, 29, 30, 31, 32, 33, 34, 35, 36, 37, 38, 40, 41, 42, 44, 46, 47, 48, 49, 51, 54, 56, 57, 58, 60, 61, 63, 64, 65, 68, 69, 70, 71, 72, 73, 74, 75, 76, 79, 83, 84, 85, 86, 88, 89, 90, 91, 92, 93, 95, 98, 99, 100, 101, 102, 106, 107, 108, 110, 111, 112, 113, 114, 115, 116, 117, 118, 119, 120, 121, 122, 123, 124, 125, 126, 127, 130, 131, 132, 133, 134, 136, 137, 138, 140, 142, 143, 145, 147, 148, 149, 150, 151, 152, 153, 154, 155, 157, 158, 159, 160, 161, 162, 163, 164, 165, 167, 168, 169, 171, 172, 173, 176, 177, 178, 179, 180, 181, 182, 183, 185, 186, 187, 188, 189, 190, 192, 193, 195, 197, 198, 199, 200, 201, 202]; 157; 518;
paulo; [0, 1, 13, 15, 16, 17, 20, 24, 25, 29, 30, 31, 32, 33, 35, 37, 38, 42, 44, 48, 49, 51, 58, 60, 61, 63, 65, 68, 69, 70, 71, 72, 73, 76, 83, 89, 90, 91, 93, 99, 100, 101, 102, 106, 107, 110, 112, 118, 120, 121, 130, 134, 136, 137, 138, 140, 143, 148, 149, 151, 152, 153, 157, 163, 173, 176, 177, 179, 181, 183, 185, 186, 188, 189, 190, 192, 195, 197, 198, 200, 201, 202]; 82; 127;
os; [0, 1, 3, 6, 8, 9, 10, 11, 12, 13, 14, 15, 16, 17, 18, 19, 20, 22, 23, 24, 25, 28, 29, 30, 31, 32, 33, 34, 35, 36, 37, 38, 39, 42, 43, 44, 45, 46, 47, 48, 49, 50, 51, 52, 54, 55, 57, 58, 60, 61, 62, 63, 65, 66, 67, 68, 69, 70, 71, 72, 73, 75, 76, 78, 79, 80, 81, 82, 83, 84, 86, 88, 89, 90, 91, 92, 93, 94, 95, 96, 97, 98, 99, 100, 101, 102, 103, 105, 106, 107, 109, 110, 111, 112, 115, 117, 118, 120, 121, 122, 123, 124, 125, 126, 128, 129, 130, 131, 133, 134, 136, 137, 138, 139, 140, 141, 143, 144, 145, 146, 147, 148, 149, 150, 151, 152, 153, 154, 157, 159, 160, 163, 164, 165, 166, 167, 168, 169, 171, 173, 175, 176, 177, 178, 179, 180, 181, 182, 183, 185, 186, 187, 188, 189, 190, 192, 194, 195, 196, 197, 198, 199, 200, 201, 202]; 165; 830;
as; [0, 1, 2, 3, 4, 5, 6, 7, 8, 9, 10, 11, 12, 13, 14, 15, 16, 17, 18, 19, 20, 21, 22, 23, 24, 25, 26, 27, 28, 29, 30, 31, 32, 33, 34, 35, 36, 37, 38, 39, 40, 41, 42, 43, 44, 45, 46, 47, 48, 49, 50, 51, 52, 53, 54, 55, 56, 57, 58, 59, 60, 61, 62, 63, 64, 65, 66, 67, 68, 69, 70, 71, 72, 73, 74, 75, 76, 77, 78, 79, 80, 81, 82, 83, 84, 85, 86, 87, 88, 89, 90, 91, 92, 93, 94, 95, 96, 97, 98, 99, 100, 101, 102, 103, 104, 105, 106, 107, 108, 109, 110, 111, 112, 113, 114, 115, 116, 117, 118, 119, 120, 121, 122, 123, 124, 125, 126, 127, 128, 129, 130, 131, 132, 133, 134, 135, 136, 137, 138, 139, 140, 141, 142, 143, 144, 145, 146, 147, 148, 149, 150, 151, 152, 153, 154, 155, 156, 157, 158, 159, 160, 161, 162, 163, 164, 165, 166, 167, 168, 169, 170, 171, 172, 173, 174, 175, 176, 177, 178, 179, 180, 181, 182, 183, 184, 185, 186, 187, 188, 189, 190, 191, 192, 193, 194, 195, 196, 197, 198, 199, 200, 201, 202]; 203; 650;
rótulo; [0, 1, 11, 12, 15, 18, 19, 20, 22, 23, 29, 31, 33, 35, 36, 38, 39, 45, 46, 47, 49, 50, 51, 55, 58, 60, 61, 63, 65, 66, 67, 68, 69, 71, 72, 74, 76, 79, 83, 86, 88, 89, 90, 91, 92, 93, 95, 97, 101, 103, 104, 106, 107, 110, 112, 113, 117, 118, 120, 121, 122, 123, 129, 131, 134, 136, 138, 139, 141, 143, 144, 147, 148, 151, 152, 157, 158, 161, 162, 163, 166, 169, 171, 172, 175, 177, 178, 179, 181, 187, 192, 194, 195, 196, 197, 198, 199, 202]; 98; 186;
da; [0, 1, 2, 3, 4, 5, 6, 7, 8, 9, 10, 11, 12, 13, 14, 15, 16, 17, 18, 19, 20, 21, 22, 23, 24, 25, 26, 27, 28, 29, 30, 31, 32, 33, 34, 35, 36, 37, 38, 39, 40, 41, 42, 43, 44, 45, 46, 47, 48, 49, 50, 51, 52, 53, 54, 55, 56, 57, 58, 59, 60, 61, 62, 63, 64, 65, 66, 67, 68, 69, 70, 71, 72, 73, 75, 76, 77, 78, 79, 80, 81, 82, 83, 84, 85, 86, 87, 88, 89, 90, 91, 92, 93, 94, 95, 96, 97, 98, 99, 100, 101, 102, 103, 104, 106, 107, 108, 109, 110, 111, 112, 114, 115, 116, 117, 118, 119, 120, 121, 123, 124, 125, 126, 127, 128, 129, 130, 132, 133, 134, 136, 137, 138, 140, 141, 142, 143, 144, 145, 146, 147, 148, 149, 150, 151, 152, 153, 154, 155, 156, 157, 158, 159, 160, 162, 163, 164, 165, 166, 167, 168, 169, 170, 171, 173, 175, 176, 177, 179, 180, 181, 182, 183, 184, 185, 186, 187, 188, 189, 190, 192, 193, 194, 195, 196, 197, 198, 199, 200, 201, 202]; 191; 1400;
está; [0, 1, 3, 6, 8, 9, 10, 11, 12, 14, 15, 19, 20, 28, 29, 30, 31, 32, 33, 34, 35, 36, 38, 43, 44, 46, 47, 49, 51, 52, 54, 58, 60, 61, 63, 65, 68, 69, 70, 71, 72, 75, 76, 78, 79, 80, 81, 82, 83, 84, 86, 88, 89, 90, 91, 92, 93, 94, 96, 98, 101, 102, 106, 107, 109, 110, 112, 113, 115, 117, 118, 120, 121, 122, 123, 124, 125, 126, 130, 131, 133, 134, 136, 138, 143, 146, 147, 148, 150, 151, 152, 153, 157, 158, 159, 160, 161, 162, 163, 167, 168, 169, 170, 171, 172, 177, 179, 180, 181, 182, 184, 187, 188, 189, 192, 195, 197, 198, 199, 201, 202]; 121; 168;
sua; [0, 1, 2, 3, 4, 5, 6, 7, 8, 9, 10, 11, 12, 14, 15, 16, 17, 18, 19, 20, 21, 23, 25, 26, 27, 28, 29, 33, 34, 35, 36, 37, 38, 39, 40, 41, 43, 46, 47, 48, 49, 51, 52, 53, 54, 56, 57, 58, 59, 60, 61, 62, 63, 64, 65, 68, 69, 71, 72, 74, 75, 77, 78, 79, 80, 81, 82, 83, 84, 85, 86, 87, 88, 90, 91, 92, 93, 94, 96, 98, 101, 104, 105, 106, 107, 108, 109, 110, 111, 112, 113, 114, 116, 117, 118, 119, 120, 121, 122, 123, 126, 127, 128, 130, 131, 132, 133, 134, 135, 136, 138, 141, 142, 143, 145, 146, 147, 148, 150, 151, 153, 154, 156, 157, 158, 159, 160, 161, 162, 163, 164, 165, 167, 169, 170, 171, 172, 173, 174, 177, 178, 179, 181, 182, 184, 185, 187, 188, 189, 191, 192, 195, 197, 198, 199, 201, 202]; 157; 574;
venda; [0, 1, 3, 6, 8, 9, 10, 11, 12, 13, 14, 15, 16, 17, 18, 19, 20, 21, 22, 23, 24, 25, 26, 28, 29, 30, 31, 32, 33, 34, 35, 36, 37, 38, 39, 42, 43, 44, 45, 46, 47, 48, 49, 50, 51, 52, 53, 54, 55, 58, 59, 60, 61, 62, 63, 64, 65, 66, 67, 68, 69, 70, 71, 72, 73, 74, 75, 76, 77, 78, 79, 80, 81, 82, 83, 84, 86, 87, 88, 89, 90, 91, 92, 93, 94, 95, 96, 97, 98, 99, 100, 101, 102, 103, 104, 105, 106, 107, 109, 110, 111, 112, 113, 115, 117, 118, 120, 121, 122, 123, 124, 125, 126, 128, 129, 130, 131, 133, 134, 135, 136, 137, 138, 139, 140, 141, 143, 144, 145, 146, 147, 148, 150, 151, 152, 153, 154, 156, 157, 158, 159, 160, 161, 162, 163, 164, 166, 167, 168, 170, 171, 172, 173, 174, 175, 176, 177, 178, 179, 180, 181, 182, 183, 184, 185, 186, 188, 189, 190, 191, 192, 194, 195, 196, 197, 198, 199, 200, 201, 202]; 180; 285;
bebida; [0, 1, 2, 3, 4, 5, 6, 7, 8, 9, 10, 11, 12, 13, 14, 15, 16, 17, 18, 19, 20, 21, 22, 23, 24, 25, 26, 27, 28, 29, 30, 31, 32, 33, 34, 35, 36, 37, 38, 39, 40, 41, 42, 43, 44, 45, 46, 47, 48, 49, 50, 51, 52, 53, 54, 55, 56, 57, 58, 59, 60, 61, 62, 63, 64, 65, 66, 67, 68, 69, 70, 71, 72, 73, 74, 75, 76, 77, 78, 79, 80, 81, 82, 83, 84, 85, 86, 87, 88, 89, 90, 91, 92, 93, 94, 95, 96, 97, 98, 99, 100, 101, 102, 103, 104, 105, 106, 107, 108, 109, 110, 111, 112, 113, 114, 115, 116, 117, 118, 119, 120, 121, 122, 123, 124, 125, 126, 127, 128, 129, 130, 131, 132, 133, 134, 135, 136, 137, 138, 139, 140, 141, 142, 143, 144, 145, 146, 147, 148, 150, 151, 152, 153, 154, 155, 156, 157, 158, 159, 160, 161, 162, 163, 164, 165, 166, 167, 168, 169, 170, 171, 172, 173, 174, 175, 176, 177, 178, 179, 180, 181, 182, 183, 184, 185, 186, 187, 188, 189, 190, 191, 192, 193, 194, 195, 196, 197, 198, 199, 200, 201, 202]; 202; 450;
alcoólica; [0, 1, 3, 6, 8, 9, 10, 13, 14, 15, 16, 17, 18, 20, 21, 24, 25, 26, 28, 29, 30, 31, 32, 33, 34, 35, 37, 38, 42, 43, 44, 48, 49, 51, 52, 53, 54, 58, 59, 60, 61, 62, 63, 64, 65, 68, 69, 70, 71, 72, 73, 74, 75, 76, 77, 78, 80, 81, 82, 83, 84, 87, 89, 90, 91, 93, 94, 96, 98, 99, 100, 101, 102, 104, 105, 106, 107, 109, 110, 111, 112, 115, 118, 120, 121, 124, 125, 126, 128, 130, 133, 134, 135, 136, 137, 138, 140, 143, 145, 146, 147, 148, 150, 151, 152, 153, 154, 156, 157, 159, 160, 163, 164, 167, 168, 169, 170, 173, 174, 176, 177, 178, 179, 180, 181, 182, 183, 184, 185, 186, 188, 189, 190, 191, 192, 195, 197, 198, 200, 201, 202]; 141; 204;
proibida; [0, 1, 3, 6, 8, 9, 10, 11, 12, 13, 14, 15, 16, 17, 18, 19, 20, 21, 22, 23, 24, 25, 26, 28, 29, 30, 31, 32, 33, 34, 35, 36, 37, 38, 39, 42, 43, 44, 45, 46, 47, 48, 49, 50, 51, 52, 53, 54, 55, 58, 59, 60, 61, 62, 63, 64, 65, 66, 67, 68, 69, 70, 71, 72, 73, 74, 75, 76, 77, 78, 79, 80, 81, 82, 83, 84, 86, 87, 88, 89, 90, 91, 92, 93, 94, 95, 96, 97, 98, 99, 100, 101, 102, 103, 104, 105, 106, 107, 109, 110, 111, 112, 113, 115, 117, 118, 120, 121, 122, 123, 124, 125, 126, 128, 129, 130, 131, 133, 134, 135, 136, 137, 138, 139, 140, 141, 143, 144, 145, 146, 147, 148, 150, 151, 152, 153, 154, 156, 157, 158, 159, 160, 161, 162, 163, 164, 166, 167, 168, 170, 171, 172, 173, 174, 175, 176, 177, 178, 179, 180, 181, 182, 183, 184, 185, 186, 188, 189, 190, 191, 192, 194, 195, 196, 197, 198, 199, 200, 201, 202]; 180; 202;
menor; [0, 1, 3, 6, 8, 9, 10, 11, 12, 13, 14, 15, 16, 17, 18, 19, 20, 21, 22, 23, 24, 25, 26, 28, 29, 30, 31, 32, 33, 34, 35, 36, 37, 38, 39, 42, 43, 44, 45, 46, 47, 48, 49, 50, 51, 52, 53, 54, 55, 58, 59, 60, 61, 62, 63, 64, 65, 66, 67, 68, 69, 70, 71, 72, 73, 74, 75, 76, 77, 78, 79, 80, 81, 82, 83, 84, 86, 87, 88, 89, 90, 91, 92, 93, 94, 95, 96, 97, 98, 99, 100, 101, 102, 103, 104, 105, 106, 107, 109, 110, 111, 112, 113, 115, 117, 118, 120, 121, 122, 123, 124, 125, 126, 128, 129, 130, 131, 133, 134, 135, 136, 137, 138, 139, 140, 141, 143, 144, 145, 146, 147, 148, 150, 151, 152, 153, 154, 155, 156, 157, 158, 159, 160, 161, 162, 163, 164, 166, 167, 168, 170, 171, 172, 173, 174, 175, 176, 177, 178, 179, 180, 181, 182, 183, 184, 185, 186, 188, 189, 190, 191, 192, 193, 194, 195, 196, 197, 198, 199, 200, 201, 202]; 182; 264;
primitivo; [1, 6, 8, 9, 10, 12, 13, 14, 16, 17, 20, 22, 23, 24, 25, 34, 37, 39, 42, 45, 48, 50, 54, 55, 60, 61, 65, 66, 67, 68, 72, 73, 75, 84, 90, 91, 93, 95, 97, 98, 99, 100, 101, 102, 103, 106, 107, 110, 115, 121, 123, 124, 125, 129, 133, 137, 139, 140, 141, 144, 150, 159, 160, 166, 168, 173, 175, 176, 177, 179, 180, 182, 183, 185, 186, 190, 194, 195, 196, 197, 200, 202]; 82; 497;
experiência; [1, 3, 11, 12, 13, 16, 17, 19, 20, 22, 23, 24, 25, 28, 35, 36, 37, 39, 42, 43, 45, 46, 47, 48, 49, 50, 52, 55, 58, 60, 61, 65, 66, 67, 68, 72, 73, 78, 79, 80, 81, 82, 83, 86, 88, 89, 90, 91, 92, 93, 94, 95, 96, 97, 99, 100, 101, 103, 106, 107, 109, 110, 113, 117, 121, 122, 123, 126, 129, 131, 137, 139, 140, 141, 143, 144, 146, 147, 149, 152, 158, 161, 162, 166, 167, 169, 170, 171, 172, 173, 175, 176, 177, 179, 181, 183, 184, 185, 186, 190, 194, 195, 196, 197, 199, 200, 202]; 107; 156;
site; [1, 3, 6, 8, 9, 10, 13, 14, 16, 17, 20, 24, 25, 28, 34, 37, 42, 43, 48, 52, 54, 60, 61, 65, 68, 72, 73, 75, 78, 80, 81, 82, 84, 90, 91, 93, 94, 96, 98, 99, 100, 101, 106, 107, 109, 110, 112, 115, 117, 121, 122, 124, 125, 126, 128, 133, 137, 138, 140, 146, 147, 148, 150, 159, 160, 163, 167, 168, 170, 173, 176, 177, 179, 180, 181, 182, 183, 184, 185, 186, 190, 195, 197, 200, 201, 202]; 86; 278;
entrar; [1, 11, 12, 13, 16, 17, 19, 20, 22, 23, 24, 25, 30, 31, 32, 35, 36, 37, 39, 42, 44, 45, 46, 47, 48, 50, 51, 55, 58, 60, 61, 65, 66, 67, 68, 70, 72, 73, 76, 79, 86, 88, 89, 90, 91, 92, 93, 95, 97, 99, 100, 101, 102, 103, 106, 107, 110, 113, 117, 121, 122, 123, 129, 130, 131, 136, 137, 138, 139, 140, 141, 144, 152, 153, 158, 161, 162, 163, 166, 171, 172, 173, 175, 176, 177, 179, 181, 183, 185, 186, 188, 189, 190, 194, 195, 196, 197, 199, 200, 201, 202]; 101; 145;
rosé; [1, 2, 4, 5, 6, 7, 8, 9, 10, 11, 13, 14, 16, 17, 18, 20, 21, 22, 23, 24, 25, 26, 27, 30, 31, 32, 34, 35, 36, 37, 39, 40, 41, 42, 44, 45, 47, 48, 50, 51, 53, 54, 55, 56, 57, 58, 59, 60, 61, 62, 64, 65, 66, 67, 68, 70, 71, 72, 73, 74, 75, 76, 77, 82, 83, 84, 85, 87, 89, 90, 91, 93, 95, 97, 98, 99, 100, 101, 102, 103, 104, 105, 106, 107, 108, 109, 110, 111, 113, 114, 115, 116, 119, 121, 123, 124, 125, 127, 128, 129, 130, 132, 133, 135, 136, 137, 139, 140, 141, 142, 144, 145, 146, 150, 151, 152, 153, 154, 155, 156, 157, 159, 160, 163, 164, 165, 166, 167, 168, 169, 171, 173, 174, 175, 176, 177, 178, 179, 180, 181, 182, 183, 185, 186, 188, 189, 190, 191, 193, 194, 195, 196, 197, 198, 200, 201, 202]; 157; 732;
sobremesa; [1, 6, 8, 9, 10, 11, 12, 13, 14, 16, 17, 19, 20, 22, 23, 24, 25, 30, 31, 32, 34, 35, 36, 37, 38, 39, 42, 44, 45, 46, 47, 48, 50, 51, 54, 55, 58, 60, 61, 65, 66, 67, 68, 70, 72, 73, 75, 76, 79, 84, 86, 88, 89, 90, 91, 92, 93, 95, 97, 98, 99, 100, 101, 102, 103, 106, 107, 110, 113, 115, 117, 121, 122, 123, 124, 125, 129, 130, 131, 133, 136, 137, 138, 139, 140, 141, 144, 150, 152, 153, 157, 158, 159, 160, 161, 162, 163, 166, 168, 169, 171, 172, 173, 175, 176, 177, 179, 180, 182, 183, 185, 186, 187, 188, 189, 190, 191, 194, 195, 196, 197, 199, 200, 201, 202]; 125; 431;
brut; [1, 2, 4, 5, 7, 11, 12, 17, 19, 20, 25, 26, 27, 36, 37, 38, 40, 41, 45, 46, 47, 53, 55, 56, 57, 60, 61, 65, 66, 68, 72, 75, 79, 82, 85, 86, 88, 90, 91, 92, 93, 96, 101, 102, 105, 106, 107, 108, 110, 113, 114, 116, 117, 119, 121, 122, 127, 131, 132, 142, 144, 146, 150, 151, 155, 157, 158, 161, 162, 165, 166, 167, 171, 172, 176, 177, 179, 185, 186, 189, 193, 194, 195, 197, 199, 202]; 86; 600;
como; [1, 2, 3, 4, 5, 7, 11, 12, 13, 14, 16, 18, 19, 20, 21, 22, 23, 25, 26, 27, 28, 30, 32, 35, 36, 37, 39, 40, 41, 42, 43, 44, 45, 46, 47, 48, 50, 52, 53, 55, 56, 57, 58, 59, 60, 61, 62, 64, 65, 66, 67, 68, 72, 73, 74, 76, 77, 78, 79, 80, 81, 82, 83, 85, 86, 87, 88, 90, 91, 92, 93, 94, 95, 96, 97, 101, 103, 104, 105, 106, 107, 108, 109, 110, 111, 112, 113, 114, 116, 117, 119, 120, 121, 122, 123, 126, 127, 128, 129, 131, 132, 135, 136, 138, 139, 141, 142, 143, 144, 145, 146, 147, 150, 151, 152, 154, 155, 156, 158, 161, 162, 163, 164, 165, 166, 167, 169, 170, 171, 172, 173, 174, 175, 177, 178, 179, 181, 184, 187, 191, 192, 193, 194, 195, 196, 197, 198, 199, 202]; 149; 832;
entr; [1, 3, 6, 8, 9, 10, 11, 12, 14, 15, 17, 18, 19, 20, 28, 34, 36, 43, 46, 47, 48, 50, 52, 54, 60, 61, 65, 67, 68, 70, 72, 73, 75, 78, 79, 80, 81, 82, 83, 84, 86, 87, 88, 90, 91, 92, 93, 94, 96, 97, 98, 101, 104, 106, 107, 109, 110, 111, 112, 113, 115, 117, 119, 121, 122, 123, 124, 125, 126, 131, 133, 135, 138, 143, 146, 147, 149, 150, 151, 158, 159, 160, 161, 162, 163, 167, 168, 169, 170, 171, 172, 173, 177, 179, 180, 181, 182, 184, 187, 192, 195, 197, 199, 202]; 104; 356;
seleção; [1, 2, 4, 5, 6, 7, 8, 9, 10, 11, 12, 14, 19, 20, 34, 36, 40, 41, 46, 47, 54, 56, 57, 60, 61, 65, 68, 72, 75, 79, 83, 84, 85, 86, 88, 90, 91, 92, 93, 98, 101, 104, 106, 107, 110, 113, 114, 115, 116, 117, 120, 121, 122, 123, 124, 125, 126, 127, 131, 132, 133, 138, 146, 150, 155, 156, 157, 158, 159, 160, 161, 162, 167, 168, 171, 172, 175, 177, 179, 180, 181, 182, 187, 193, 195, 197, 199, 200, 202]; 89; 245;
na; [1, 2, 8, 10, 11, 12, 13, 15, 16, 18, 19, 20, 21, 22, 23, 26, 30, 31, 32, 33, 35, 36, 37, 38, 39, 44, 45, 46, 47, 48, 49, 50, 51, 53, 54, 55, 57, 58, 59, 60, 61, 62, 63, 64, 65, 66, 67, 68, 69, 70, 71, 72, 74, 76, 77, 79, 83, 85, 86, 87, 88, 89, 90, 91, 92, 93, 95, 97, 101, 102, 103, 104, 105, 106, 107, 110, 111, 113, 117, 119, 120, 121, 122, 123, 126, 128, 129, 130, 131, 135, 136, 138, 141, 143, 144, 145, 146, 147, 149, 151, 152, 153, 154, 156, 158, 159, 161, 162, 163, 164, 165, 166, 167, 169, 171, 172, 173, 174, 177, 178, 179, 181, 187, 188, 189, 191, 192, 195, 197, 198, 199, 201, 202]; 133; 821;
também; [1, 2, 4, 5, 7, 11, 12, 18, 19, 20, 21, 22, 23, 26, 27, 36, 37, 39, 40, 41, 45, 47, 50, 53, 54, 55, 56, 57, 59, 60, 61, 62, 64, 65, 66, 67, 68, 72, 74, 77, 79, 83, 85, 86, 87, 90, 91, 92, 93, 95, 97, 101, 104, 105, 106, 107, 108, 110, 111, 114, 116, 119, 120, 121, 127, 128, 132, 134, 135, 138, 143, 145, 147, 151, 154, 156, 164, 165, 169, 174, 175, 177, 178, 179, 181, 187, 191, 192, 194, 195, 197, 198, 202]; 93; 170;
destilado; [1, 2, 3, 4, 5, 6, 7, 8, 9, 10, 14, 18, 20, 21, 26, 27, 28, 34, 40, 41, 43, 52, 53, 54, 56, 57, 59, 60, 61, 62, 64, 65, 68, 72, 74, 75, 77, 78, 80, 81, 82, 84, 85, 87, 90, 91, 93, 94, 96, 98, 101, 104, 105, 106, 107, 108, 109, 110, 111, 112, 114, 115, 116, 119, 121, 124, 125, 126, 127, 128, 132, 133, 135, 142, 145, 146, 147, 150, 154, 155, 156, 159, 160, 164, 165, 167, 168, 170, 174, 177, 178, 179, 180, 181, 182, 184, 191, 193, 195, 197, 202]; 101; 132;
vinícola; [1, 4, 5, 6, 8, 10, 11, 12, 18, 19, 20, 21, 22, 23, 26, 30, 32, 35, 36, 39, 44, 45, 46, 47, 50, 51, 53, 55, 59, 60, 61, 62, 63, 64, 65, 66, 67, 68, 69, 71, 72, 74, 77, 79, 83, 86, 87, 88, 90, 91, 92, 93, 95, 97, 101, 103, 104, 106, 107, 110, 121, 123, 126, 127, 128, 129, 132, 139, 141, 143, 144, 145, 146, 151, 160, 162, 164, 166, 169, 175, 177, 179, 187, 194, 195, 196, 197, 202]; 88; 467;
quem; [1, 2, 3, 4, 5, 6, 7, 8, 9, 10, 14, 20, 27, 28, 34, 40, 41, 43, 47, 52, 54, 56, 57, 60, 61, 65, 68, 69, 72, 75, 78, 80, 81, 82, 84, 85, 90, 91, 92, 93, 94, 96, 98, 101, 106, 107, 108, 109, 110, 114, 115, 116, 117, 119, 120, 121, 123, 124, 125, 126, 127, 128, 132, 133, 142, 143, 146, 147, 149, 150, 155, 159, 160, 165, 167, 168, 169, 170, 177, 179, 180, 181, 182, 184, 187, 193, 195, 197, 198, 202]; 90; 138;
seja; [1, 2, 3, 4, 5, 6, 7, 8, 9, 10, 11, 12, 14, 19, 20, 26, 27, 28, 34, 36, 40, 41, 43, 46, 47, 52, 54, 56, 57, 60, 61, 65, 68, 72, 75, 78, 79, 80, 81, 82, 84, 85, 86, 88, 90, 91, 92, 93, 94, 96, 98, 101, 106, 107, 108, 110, 113, 114, 115, 116, 117, 119, 121, 122, 124, 125, 127, 129, 131, 132, 133, 142, 149, 150, 155, 158, 159, 160, 161, 162, 163, 165, 168, 169, 171, 172, 177, 179, 180, 181, 182, 187, 193, 195, 197, 198, 199, 202]; 98; 133;
maior; [1, 2, 4, 5, 6, 7, 8, 9, 10, 11, 12, 14, 15, 19, 20, 25, 27, 34, 36, 40, 41, 44, 47, 54, 56, 57, 60, 61, 65, 68, 72, 75, 79, 83, 84, 85, 86, 90, 91, 92, 93, 98, 101, 106, 107, 108, 110, 114, 115, 116, 119, 120, 121, 122, 123, 124, 125, 127, 129, 132, 133, 138, 139, 141, 142, 143, 149, 150, 151, 155, 159, 160, 163, 165, 168, 177, 179, 180, 181, 182, 187, 192, 193, 195, 196, 197, 198, 201, 202]; 89; 181;
fruta; [1, 2, 4, 8, 11, 12, 13, 14, 15, 16, 17, 18, 19, 20, 21, 22, 24, 25, 26, 32, 33, 35, 36, 37, 38, 42, 44, 45, 46, 47, 48, 49, 51, 54, 58, 59, 60, 61, 63, 64, 67, 68, 71, 72, 73, 74, 75, 77, 83, 84, 86, 87, 88, 89, 90, 91, 92, 93, 95, 97, 98, 99, 100, 105, 112, 123, 126, 127, 132, 133, 136, 137, 138, 140, 141, 143, 146, 150, 154, 159, 167, 173, 176, 182, 183, 185, 186, 190, 200]; 89; 602;
acidez; [1, 6, 7, 8, 9, 10, 11, 13, 14, 16, 17, 18, 20, 21, 22, 24, 25, 27, 31, 34, 36, 37, 40, 41, 42, 47, 48, 49, 54, 55, 57, 59, 62, 66, 68, 70, 73, 74, 75, 76, 77, 83, 84, 86, 90, 91, 93, 95, 98, 99, 100, 104, 105, 111, 115, 123, 124, 125, 126, 133, 135, 137, 138, 140, 145, 146, 147, 150, 154, 159, 160, 164, 167, 168, 173, 176, 180, 182, 183, 185, 186, 190, 200]; 83; 568;
tanino; [1, 6, 8, 9, 10, 12, 13, 14, 15, 16, 17, 18, 19, 20, 22, 24, 25, 31, 32, 34, 37, 39, 40, 41, 42, 44, 46, 47, 48, 54, 59, 60, 61, 64, 67, 68, 70, 73, 74, 75, 77, 83, 84, 86, 87, 90, 91, 92, 95, 97, 98, 99, 100, 104, 105, 113, 115, 124, 125, 126, 133, 135, 136, 137, 138, 140, 150, 154, 159, 160, 167, 168, 169, 173, 176, 178, 180, 182, 183, 185, 186, 190, 200]; 83; 542;
se; [1, 2, 3, 4, 5, 6, 7, 8, 9, 10, 11, 12, 13, 14, 16, 17, 18, 19, 20, 21, 22, 23, 24, 25, 26, 27, 28, 30, 31, 32, 34, 35, 36, 37, 38, 39, 40, 41, 42, 43, 44, 45, 46, 47, 48, 50, 51, 52, 53, 54, 55, 56, 57, 58, 59, 60, 61, 62, 64, 65, 66, 67, 68, 70, 72, 73, 74, 75, 76, 77, 78, 79, 80, 81, 82, 84, 85, 86, 87, 88, 89, 90, 91, 92, 93, 94, 95, 96, 97, 98, 99, 100, 101, 102, 103, 104, 105, 106, 107, 108, 109, 110, 111, 113, 114, 115, 116, 117, 119, 121, 122, 123, 124, 125, 126, 127, 128, 129, 130, 131, 132, 133, 135, 136, 137, 139, 140, 141, 142, 143, 144, 145, 146, 147, 149, 150, 152, 153, 154, 155, 156, 158, 159, 160, 161, 162, 163, 164, 165, 166, 167, 168, 169, 170, 171, 172, 173, 174, 175, 176, 177, 178, 179, 180, 181, 182, 183, 184, 185, 186, 187, 188, 189, 190, 191, 192, 193, 194, 195, 196, 197, 198, 199, 200, 201, 202]; 186; 328;
ou; [1, 2, 3, 4, 7, 11, 12, 13, 14, 16, 17, 19, 20, 22, 24, 25, 26, 27, 28, 36, 37, 39, 40, 41, 42, 43, 46, 47, 48, 52, 56, 57, 59, 60, 61, 65, 66, 67, 68, 72, 73, 78, 79, 80, 81, 82, 83, 85, 86, 88, 90, 91, 92, 93, 94, 96, 97, 99, 100, 101, 108, 109, 113, 114, 116, 117, 118, 119, 120, 122, 126, 127, 131, 132, 134, 137, 138, 140, 141, 142, 146, 147, 149, 156, 158, 161, 162, 163, 165, 167, 169, 170, 171, 172, 173, 176, 178, 181, 183, 184, 186, 187, 190, 193, 195, 198, 199, 200, 201, 202]; 110; 378;
contato; [1, 3, 6, 8, 9, 10, 13, 14, 16, 17, 20, 24, 25, 28, 34, 37, 42, 43, 48, 52, 54, 60, 61, 65, 68, 72, 73, 75, 78, 80, 81, 82, 84, 90, 91, 93, 94, 96, 98, 99, 100, 101, 106, 107, 109, 110, 115, 121, 124, 125, 126, 133, 137, 138, 140, 143, 146, 147, 150, 159, 160, 163, 167, 168, 169, 170, 173, 176, 177, 179, 180, 181, 182, 183, 184, 185, 186, 190, 195, 197, 200, 202]; 82; 150;
br; [1, 2, 3, 4, 5, 6, 7, 8, 9, 10, 11, 12, 14, 19, 20, 27, 28, 34, 36, 40, 41, 43, 46, 47, 52, 54, 56, 57, 60, 61, 65, 68, 72, 75, 78, 79, 80, 81, 82, 84, 85, 86, 88, 90, 91, 92, 93, 94, 96, 98, 101, 106, 107, 108, 109, 110, 114, 115, 116, 119, 121, 124, 125, 126, 127, 132, 133, 134, 142, 146, 147, 150, 155, 159, 160, 163, 165, 167, 168, 170, 177, 179, 180, 181, 182, 184, 193, 195, 197, 202]; 90; 232;
entrega; [1, 2, 4, 5, 6, 7, 8, 9, 10, 11, 12, 13, 14, 16, 17, 19, 20, 22, 23, 24, 25, 27, 34, 36, 37, 39, 40, 41, 42, 45, 46, 47, 48, 50, 54, 55, 56, 57, 60, 61, 65, 66, 67, 68, 72, 73, 75, 79, 84, 85, 86, 88, 90, 91, 92, 93, 95, 97, 98, 99, 100, 101, 103, 106, 107, 108, 110, 113, 114, 115, 116, 117, 119, 120, 121, 122, 123, 124, 125, 126, 127, 128, 129, 131, 132, 133, 137, 139, 140, 141, 142, 144, 146, 148, 150, 155, 158, 159, 160, 161, 162, 163, 165, 166, 168, 171, 172, 173, 175, 176, 177, 179, 180, 181, 182, 183, 185, 186, 190, 193, 194, 195, 196, 197, 199, 200, 202]; 127; 321;
troca; [1, 2, 3, 4, 5, 6, 7, 8, 9, 10, 11, 12, 14, 19, 20, 22, 23, 27, 28, 34, 36, 39, 40, 41, 43, 45, 46, 47, 50, 52, 54, 55, 56, 57, 60, 61, 65, 66, 67, 68, 72, 75, 78, 79, 80, 81, 82, 84, 85, 86, 88, 90, 91, 92, 93, 94, 95, 96, 97, 98, 101, 103, 106, 107, 108, 109, 110, 113, 114, 115, 116, 117, 119, 121, 122, 123, 124, 125, 126, 127, 129, 131, 132, 133, 139, 141, 142, 144, 146, 147, 150, 155, 158, 159, 160, 161, 162, 163, 165, 166, 167, 168, 170, 171, 172, 175, 177, 179, 180, 181, 182, 184, 193, 194, 195, 196, 197, 199, 202]; 119; 293;
compra; [1, 2, 3, 4, 5, 6, 7, 8, 9, 10, 11, 12, 14, 19, 20, 27, 28, 34, 35, 36, 40, 41, 43, 46, 47, 50, 51, 52, 54, 56, 57, 58, 60, 61, 63, 65, 67, 68, 72, 75, 78, 79, 80, 81, 82, 83, 84, 85, 86, 88, 90, 91, 92, 93, 94, 96, 98, 101, 106, 107, 108, 109, 110, 112, 113, 114, 115, 116, 117, 119, 121, 122, 123, 124, 125, 126, 127, 128, 131, 132, 133, 136, 138, 141, 142, 144, 146, 147, 150, 155, 157, 158, 159, 160, 161, 162, 163, 165, 167, 168, 170, 171, 172, 177, 179, 180, 181, 182, 184, 193, 195, 197, 199, 201, 202]; 115; 330;
cnpj; [1, 2, 3, 4, 5, 6, 7, 8, 9, 10, 11, 12, 14, 18, 19, 20, 21, 22, 23, 26, 27, 28, 30, 31, 32, 34, 35, 36, 39, 40, 41, 43, 44, 45, 46, 47, 50, 51, 52, 53, 54, 55, 56, 57, 58, 59, 60, 61, 62, 64, 65, 66, 67, 68, 70, 72, 74, 75, 76, 77, 78, 79, 80, 81, 82, 84, 85, 86, 87, 88, 89, 90, 91, 92, 93, 94, 95, 96, 97, 98, 101, 102, 103, 104, 105, 106, 107, 108, 109, 110, 111, 113, 114, 115, 116, 117, 119, 121, 122, 123, 124, 125, 126, 127, 128, 129, 130, 131, 132, 133, 135, 136, 139, 141, 142, 144, 145, 146, 147, 150, 152, 153, 154, 155, 156, 158, 159, 160, 161, 162, 163, 164, 165, 166, 167, 168, 170, 171, 172, 174, 175, 177, 178, 179, 180, 181, 182, 184, 188, 189, 191, 193, 194, 195, 196, 197, 199, 201, 202]; 159; 200;
beber; [1, 2, 3, 4, 5, 6, 7, 8, 9, 10, 11, 12, 13, 14, 16, 17, 18, 19, 20, 21, 22, 23, 24, 25, 26, 27, 28, 30, 31, 32, 34, 35, 36, 37, 39, 40, 41, 42, 43, 44, 45, 46, 47, 48, 50, 51, 52, 53, 54, 55, 56, 57, 58, 59, 60, 61, 62, 64, 65, 66, 67, 68, 70, 72, 73, 74, 75, 76, 77, 78, 79, 80, 81, 82, 84, 85, 86, 87, 88, 89, 90, 91, 92, 93, 94, 95, 96, 97, 98, 99, 100, 101, 102, 103, 104, 105, 106, 107, 108, 109, 110, 111, 113, 114, 115, 116, 117, 119, 121, 122, 123, 124, 125, 126, 127, 128, 129, 130, 131, 132, 133, 135, 136, 137, 139, 140, 141, 142, 143, 144, 145, 146, 147, 150, 152, 153, 154, 155, 156, 158, 159, 160, 161, 162, 163, 164, 165, 166, 167, 168, 170, 171, 172, 173, 174, 175, 176, 177, 178, 179, 180, 181, 182, 183, 184, 185, 186, 188, 189, 190, 191, 193, 194, 195, 196, 197, 199, 200, 201, 202]; 180; 238;
dirija; [1, 2, 3, 4, 5, 6, 7, 8, 9, 10, 11, 12, 13, 14, 16, 17, 18, 19, 20, 21, 22, 23, 24, 25, 26, 27, 28, 30, 31, 32, 34, 35, 36, 37, 39, 40, 41, 42, 43, 44, 45, 46, 47, 48, 50, 51, 52, 53, 54, 55, 56, 57, 58, 59, 60, 61, 62, 64, 65, 66, 67, 68, 70, 72, 73, 74, 75, 76, 77, 78, 79, 80, 81, 82, 84, 85, 86, 87, 88, 89, 90, 91, 92, 93, 94, 95, 96, 97, 98, 99, 100, 101, 102, 103, 104, 105, 106, 107, 108, 109, 110, 111, 113, 114, 115, 116, 117, 119, 121, 122, 123, 124, 125, 126, 127, 128, 129, 130, 131, 132, 133, 135, 136, 137, 139, 140, 141, 142, 143, 144, 145, 146, 147, 150, 152, 153, 154, 155, 156, 158, 159, 160, 161, 162, 163, 164, 165, 166, 167, 168, 170, 171, 172, 173, 174, 175, 176, 177, 178, 179, 180, 181, 182, 183, 184, 185, 186, 188, 189, 190, 191, 193, 194, 195, 196, 197, 199, 200, 201, 202]; 180; 202;
apreci; [1, 2, 4, 5, 6, 7, 8, 9, 10, 11, 12, 13, 14, 16, 17, 18, 19, 20, 21, 22, 23, 24, 25, 26, 27, 30, 31, 32, 34, 35, 36, 37, 39, 40, 41, 42, 44, 45, 46, 47, 48, 50, 51, 53, 54, 55, 56, 57, 58, 59, 60, 61, 62, 64, 65, 66, 67, 68, 70, 72, 73, 74, 75, 76, 77, 79, 84, 85, 86, 87, 88, 89, 90, 91, 92, 93, 95, 97, 98, 99, 100, 101, 102, 103, 104, 105, 106, 107, 108, 110, 111, 113, 114, 115, 116, 117, 119, 121, 122, 123, 124, 125, 127, 128, 129, 130, 131, 132, 133, 135, 136, 137, 139, 140, 141, 142, 143, 144, 145, 150, 152, 153, 154, 155, 156, 158, 159, 160, 161, 162, 163, 164, 165, 166, 168, 171, 172, 173, 174, 175, 176, 177, 178, 179, 180, 182, 183, 185, 186, 188, 189, 190, 191, 193, 194, 195, 196, 197, 199, 200, 201, 202]; 162; 185;
moderação; [1, 2, 4, 5, 6, 7, 8, 9, 10, 11, 12, 13, 14, 16, 17, 18, 19, 20, 21, 22, 23, 24, 25, 26, 27, 30, 31, 32, 34, 35, 36, 37, 39, 40, 41, 42, 44, 45, 46, 47, 48, 50, 51, 53, 54, 55, 56, 57, 58, 59, 60, 61, 62, 64, 65, 66, 67, 68, 70, 72, 73, 74, 75, 76, 77, 79, 84, 85, 86, 87, 88, 89, 90, 91, 92, 93, 95, 97, 98, 99, 100, 101, 102, 103, 104, 105, 106, 107, 108, 110, 111, 113, 114, 115, 116, 117, 119, 121, 122, 123, 124, 125, 127, 128, 129, 130, 131, 132, 133, 135, 136, 137, 139, 140, 141, 142, 143, 144, 145, 150, 152, 153, 154, 155, 156, 158, 159, 160, 161, 162, 163, 164, 165, 166, 168, 171, 172, 173, 174, 175, 176, 177, 178, 179, 180, 182, 183, 185, 186, 188, 189, 190, 191, 193, 194, 195, 196, 197, 199, 200, 201, 202]; 162; 184;
conosco; [1, 3, 11, 12, 19, 20, 22, 23, 28, 30, 31, 32, 35, 36, 39, 43, 44, 45, 46, 47, 50, 51, 52, 55, 58, 60, 61, 65, 66, 67, 68, 70, 72, 76, 78, 79, 80, 81, 82, 86, 88, 89, 90, 91, 92, 93, 94, 95, 96, 97, 101, 102, 103, 106, 107, 109, 110, 113, 117, 121, 122, 123, 126, 129, 130, 131, 134, 136, 139, 141, 144, 146, 147, 152, 153, 158, 161, 162, 163, 166, 167, 170, 171, 172, 175, 177, 179, 181, 184, 188, 189, 194, 195, 196, 197, 199, 201, 202]; 98; 128;
adega; [2, 4, 5, 6, 7, 8, 9, 10, 14, 16, 19, 22, 23, 27, 30, 31, 32, 34, 35, 39, 40, 41, 44, 45, 47, 50, 51, 54, 55, 56, 57, 58, 66, 67, 70, 75, 76, 83, 84, 85, 89, 95, 97, 98, 102, 103, 106, 108, 114, 116, 119, 123, 127, 129, 130, 132, 133, 136, 138, 139, 141, 142, 144, 149, 150, 152, 153, 155, 159, 160, 165, 166, 167, 175, 177, 182, 187, 188, 189, 193, 194, 196, 199, 201]; 84; 171;
aroma; [2, 4, 6, 7, 8, 9, 10, 12, 14, 16, 18, 19, 21, 22, 23, 24, 26, 27, 34, 36, 37, 39, 40, 41, 46, 48, 50, 51, 54, 55, 56, 60, 61, 62, 64, 65, 66, 67, 68, 71, 72, 75, 77, 79, 83, 84, 85, 86, 88, 89, 90, 91, 93, 95, 97, 98, 108, 115, 123, 124, 125, 126, 127, 129, 132, 133, 138, 141, 146, 147, 150, 159, 160, 163, 165, 167, 168, 169, 180, 181, 182, 187, 198]; 83; 184;
gourmet; [2, 3, 4, 5, 6, 7, 8, 9, 10, 14, 18, 21, 26, 27, 28, 34, 40, 41, 43, 52, 53, 54, 56, 57, 59, 62, 64, 74, 75, 77, 78, 80, 81, 82, 84, 85, 87, 94, 96, 98, 104, 105, 108, 109, 111, 114, 115, 116, 119, 124, 125, 126, 127, 128, 132, 133, 135, 142, 145, 146, 147, 150, 153, 154, 155, 156, 159, 160, 164, 165, 167, 168, 170, 174, 178, 180, 181, 182, 184, 189, 191, 193]; 82; 164;
clube; [3, 6, 8, 9, 10, 11, 12, 14, 18, 19, 21, 26, 28, 34, 36, 43, 46, 47, 52, 53, 54, 59, 62, 64, 74, 75, 77, 78, 79, 80, 81, 82, 84, 86, 87, 88, 92, 94, 96, 98, 104, 105, 109, 111, 113, 115, 117, 122, 124, 125, 126, 128, 131, 133, 135, 143, 145, 146, 147, 150, 154, 156, 158, 159, 160, 161, 162, 164, 167, 168, 169, 170, 171, 172, 174, 178, 180, 181, 182, 184, 191, 199]; 82; 371;
central; [3, 6, 8, 9, 10, 13, 14, 15, 16, 17, 18, 21, 22, 23, 24, 25, 26, 28, 30, 31, 32, 34, 35, 37, 39, 42, 43, 44, 45, 46, 48, 50, 51, 52, 53, 54, 55, 58, 59, 62, 64, 66, 67, 70, 73, 74, 75, 76, 77, 78, 80, 81, 82, 84, 87, 89, 94, 95, 96, 97, 98, 99, 100, 102, 103, 104, 105, 109, 111, 113, 115, 123, 124, 125, 126, 128, 129, 130, 133, 135, 136, 137, 139, 140, 141, 143, 144, 145, 146, 147, 150, 152, 153, 154, 156, 159, 160, 163, 164, 166, 167, 168, 169, 170, 173, 174, 175, 176, 178, 180, 181, 182, 183, 184, 185, 186, 188, 189, 190, 191, 192, 194, 196, 200, 201]; 125; 387;
ajuda; [3, 11, 12, 13, 16, 17, 18, 19, 21, 22, 23, 24, 25, 26, 28, 30, 31, 32, 35, 36, 37, 39, 42, 43, 44, 45, 46, 47, 48, 50, 51, 52, 53, 55, 58, 59, 62, 64, 66, 67, 70, 73, 74, 76, 77, 78, 79, 80, 81, 82, 86, 87, 88, 89, 92, 94, 95, 96, 97, 99, 100, 102, 103, 104, 105, 109, 111, 113, 117, 122, 123, 126, 128, 129, 130, 131, 135, 136, 137, 139, 140, 141, 143, 144, 145, 146, 147, 152, 153, 154, 156, 158, 161, 162, 164, 166, 167, 170, 171, 172, 173, 174, 175, 176, 178, 181, 183, 184, 185, 186, 188, 189, 190, 191, 194, 196, 199, 200, 201]; 119; 333;
gráti; [3, 11, 12, 13, 16, 17, 19, 22, 23, 24, 25, 28, 30, 31, 32, 35, 36, 37, 39, 42, 43, 44, 45, 46, 47, 48, 50, 51, 52, 55, 58, 66, 67, 70, 73, 76, 78, 79, 80, 81, 82, 86, 88, 89, 92, 94, 95, 96, 97, 99, 100, 102, 103, 109, 113, 117, 118, 122, 123, 124, 125, 126, 129, 130, 131, 136, 137, 139, 140, 141, 144, 146, 147, 152, 153, 157, 158, 161, 162, 163, 166, 167, 168, 170, 171, 172, 173, 175, 176, 181, 183, 184, 185, 186, 188, 189, 190, 194, 196, 199, 200, 201]; 102; 255;
conheça; [6, 8, 9, 10, 11, 12, 14, 18, 19, 21, 22, 23, 26, 30, 31, 32, 34, 35, 36, 39, 44, 45, 46, 47, 50, 51, 53, 54, 55, 58, 59, 62, 64, 66, 67, 70, 74, 75, 76, 77, 79, 84, 86, 87, 88, 89, 92, 95, 97, 98, 102, 103, 104, 105, 111, 113, 115, 117, 120, 122, 123, 124, 125, 128, 129, 130, 131, 133, 135, 136, 139, 141, 144, 145, 150, 152, 153, 154, 156, 158, 159, 160, 161, 162, 163, 164, 166, 168, 171, 172, 174, 175, 178, 180, 182, 187, 188, 189, 191, 194, 196, 199, 201]; 103; 202;
